index,comparator,scenario,metric,n,comparator_mean,acr_mean,paired_delta_acr_minus_comparator,ci95_low,ci95_high,wilcoxon_p,cohen_dz,holm_p
0,POINT-EA,S1,PDR,20,0.8517678179824563,0.8667412460876369,0.0149734281051808,0.0015229420938852,0.0284239141164763,0.0401355363735455,0.5210057139074743,0.2006776818677275
1,POINT-EA,S1,risk_violation_rate,20,0.3299999999999999,0.2906249999999999,-0.039375,-0.0781934674999686,-0.0005565325000313,0.057898609521251,-0.4747242340980936,0.2651218583272078
2,POINT-EA,S1,mean_delay,20,13.684917369104406,13.703418515323335,0.0185011462189296,-0.401736351550273,0.4387386439881324,0.8721180313900541,0.0206045462665875,1.0
3,POINT-EA,S1,energy_consumed,20,2.2200183451933984,2.22660693535779,0.006588590164392,-0.0148049635190005,0.0279821438477846,0.4749050140380859,0.1441347781937586,1.0
4,POINT-EA,S1,optimizer_calls,20,8.0,9.0,1.0,1.0,1.0,7.74421643104407e-06,,4.646529858626442e-05
5,POINT-EA,S2,PDR,20,0.8585433505639098,0.8703749999999999,0.0118316494360902,-0.0044899830752073,0.0281532819473877,0.1589900610113243,0.3392664541348706,0.3179801220226486
6,POINT-EA,S2,risk_violation_rate,20,0.32,0.295,-0.025,-0.0671007646260109,0.0171007646260109,0.2356433181477406,-0.277913246099792,0.4203764407685473
7,POINT-EA,S2,mean_delay,20,13.057176221871478,13.018271903297082,-0.0389043185743941,-0.3151669659481642,0.2373583287993759,0.7781771795228314,-0.0659075041010964,1.0
8,POINT-EA,S2,energy_consumed,20,2.1402774447981576,2.1579814380323703,0.0177039932342121,0.0018948841860947,0.0335131022823295,0.026641845703125,0.5241107427087285,0.15985107421875
9,POINT-EA,S2,optimizer_calls,20,8.0,11.0,3.0,3.0,3.0,7.74421643104407e-06,,4.646529858626442e-05
10,POINT-EA,S3,PDR,20,0.9202489487469856,0.9363180980653388,0.0160691493183533,0.0011544222756396,0.030983876361067,0.0701730211941548,0.5042394244537155,0.268280025340453
11,POINT-EA,S3,risk_violation_rate,20,0.219375,0.174375,-0.045,-0.0856820592070995,-0.0043179407929004,0.049697359151414,-0.5176888461246083,0.2651218583272078
12,POINT-EA,S3,mean_delay,20,14.262298180829708,14.294620525958791,0.0323223451290822,-0.4046973925684979,0.4693420828266624,0.8408222198486328,0.0346147367379442,1.0
13,POINT-EA,S3,energy_consumed,20,3.0811982558494453,3.0653258564662744,-0.0158723993831712,-0.0504068110910376,0.0186620123246951,0.3488101959228515,-0.21510462198152,1.0
14,POINT-EA,S3,optimizer_calls,20,8.0,9.0,1.0,1.0,1.0,7.74421643104407e-06,,4.646529858626442e-05
15,POINT-EA,S4,PDR,20,0.9133085381630014,0.9320796533373648,0.0187711151743636,0.0011226402281662,0.036419590120561,0.0670700063351132,0.497785352726052,0.268280025340453
16,POINT-EA,S4,risk_violation_rate,20,0.1912499999999999,0.146875,-0.044375,-0.0884602282765587,-0.0002897717234412,0.0813252948795319,-0.4710906599961258,0.2651218583272078
17,POINT-EA,S4,mean_delay,20,11.406785132302076,11.464497162137835,0.057712029835759,-0.3657395506822332,0.4811636103537514,0.8123550415039062,0.0637854777961416,1.0
18,POINT-EA,S4,energy_consumed,20,3.290689870817986,3.2891342682064724,-0.0015556026115142,-0.0525344491837945,0.049423243960766,0.9854354858398438,-0.0142813045371837,1.0
19,POINT-EA,S4,optimizer_calls,20,8.0,8.0,0.0,0.0,0.0,,,4.646529858626442e-05
20,POINT-EA,S5,PDR,20,0.860551046150037,0.8693840214816388,0.008832975331602,-0.0043598852683717,0.0220258359315758,0.2161674499511718,0.3133482443337362,0.3179801220226486
21,POINT-EA,S5,risk_violation_rate,20,0.363125,0.336875,-0.0262499999999999,-0.0628040792246959,0.0103040792246959,0.2101882203842736,-0.3360877480459933,0.4203764407685473
22,POINT-EA,S5,mean_delay,20,16.07356995300723,15.944639640230545,-0.128930312776684,-0.7889158921721913,0.5310552666188233,0.4304332733154297,-0.0914281246250592,1.0
23,POINT-EA,S5,energy_consumed,20,4.619799356721369,4.618173100881681,-0.0016262558396891,-0.0526467101567058,0.0493941984773275,0.7011814117431641,-0.0149177652705691,1.0
24,POINT-EA,S5,optimizer_calls,20,8.0,10.0,2.0,2.0,2.0,7.74421643104407e-06,,4.646529858626442e-05
25,POINT-EA,ALL_DYNAMIC,PDR,20,0.8808839403212779,0.8949796037943962,0.014095663473118,0.0029233780259555,0.0252679489202805,0.0094356536865234,0.5904766401346958,0.0566139221191406
26,POINT-EA,ALL_DYNAMIC,risk_violation_rate,20,0.2847499999999999,0.2487499999999999,-0.036,-0.0690007364973776,-0.0029992635026223,0.0441869763878679,-0.5105497761377524,0.2651218583272078
27,POINT-EA,ALL_DYNAMIC,mean_delay,20,13.696949371422978,13.68508954938952,-0.0118598220334614,-0.3267522115239327,0.3030325674570097,0.8408222198486328,-0.0176268711295873,1.0
28,POINT-EA,ALL_DYNAMIC,energy_consumed,20,3.0703966546760717,3.0714443197889176,0.0010476651128459,-0.0220410401367131,0.024136370362405,0.6476554870605469,0.0212364600186855,1.0
29,POINT-EA,ALL_DYNAMIC,optimizer_calls,20,8.0,9.400000000000002,1.4,1.3999999999999997,1.4,7.74421643104407e-06,3072696156553695.5,4.646529858626442e-05
30,SCP-EA,S1,PDR,20,0.8677521929824563,0.8667412460876369,-0.0010109468948191,-0.0136586704660505,0.0116367766764121,0.8879677784487371,-0.0374089225018382,1.0
31,SCP-EA,S1,risk_violation_rate,20,0.2887499999999999,0.2906249999999999,0.0018749999999999,-0.0337494644219457,0.0374994644219457,0.7932813212322436,0.0246327075024534,1.0
32,SCP-EA,S1,mean_delay,20,13.690345419501911,13.703418515323335,0.0130730958214247,-0.4394956228485234,0.4656418144913729,0.8405336616716674,0.0135192666406908,1.0
33,SCP-EA,S1,energy_consumed,20,2.221874908964846,2.22660693535779,0.0047320263929436,-0.0103891355731865,0.0198531883590737,0.5458755493164062,0.1464607368413552,1.0
34,SCP-EA,S1,optimizer_calls,20,8.0,9.0,1.0,1.0,1.0,7.74421643104407e-06,,4.646529858626442e-05
35,SCP-EA,S2,PDR,20,0.8723672667602095,0.8703749999999999,-0.0019922667602095,-0.0170133073068567,0.0130287737864376,0.8721180313900541,-0.0620735655638537,1.0
36,SCP-EA,S2,risk_violation_rate,20,0.2875,0.295,0.0074999999999999,-0.0261013656126286,0.0411013656126285,0.6144789132862822,0.1044632557085766,1.0
37,SCP-EA,S2,mean_delay,20,12.943422588812856,13.018271903297082,0.0748493144842266,-0.3465611340263028,0.496259762994756,0.5460878490645904,0.0831269315060609,1.0
38,SCP-EA,S2,energy_consumed,20,2.143786769310612,2.1579814380323703,0.0141946687217582,0.0055943201429191,0.0227950173005974,0.0036544799804687,0.7724465346075288,0.0219268798828125
39,SCP-EA,S2,optimizer_calls,20,8.0,11.0,3.0,3.0,3.0,7.74421643104407e-06,,4.646529858626442e-05
40,SCP-EA,S3,PDR,20,0.93224766822985,0.9363180980653388,0.0040704298354889,-0.0048813059692959,0.0130221656402739,0.4749050140380859,0.2128101012891851,1.0
41,SCP-EA,S3,risk_violation_rate,20,0.1825,0.174375,-0.008125,-0.0361670287701189,0.0199170287701189,0.4681689437639027,-0.1356042062196955,1.0
42,SCP-EA,S3,mean_delay,20,14.126165172415046,14.294620525958791,0.1684553535437466,-0.2511339339808509,0.5880446410683441,0.4980087280273437,0.1878969140564926,1.0
43,SCP-EA,S3,energy_consumed,20,3.062938404304345,3.0653258564662744,0.0023874521619284,-0.0219852032987687,0.0267601076226257,0.6742229461669922,0.0458449022193229,1.0
44,SCP-EA,S3,optimizer_calls,20,8.0,9.0,1.0,1.0,1.0,7.74421643104407e-06,,4.646529858626442e-05
45,SCP-EA,S4,PDR,20,0.9319372574385512,0.9320796533373648,0.0001423958988138,-0.0127208592121491,0.0130056510097768,0.9854354858398438,0.0051809072808625,1.0
46,SCP-EA,S4,risk_violation_rate,20,0.14375,0.146875,0.0031249999999999,-0.0312959508075351,0.0375459508075351,0.9652463523653436,0.0424899657258184,1.0
47,SCP-EA,S4,mean_delay,20,11.360628636836024,11.464497162137835,0.1038685253018131,-0.1811068726391733,0.3888439232427997,0.9272785186767578,0.1705830277493189,1.0
48,SCP-EA,S4,energy_consumed,20,3.3082666975575243,3.2891342682064724,-0.0191324293510519,-0.0688796246358962,0.0306147659337923,0.5958194732666016,-0.1799951236413035,1.0
49,SCP-EA,S4,optimizer_calls,20,8.0,8.0,0.0,0.0,0.0,,,4.646529858626442e-05
50,SCP-EA,S5,PDR,20,0.8651728086772732,0.8693840214816388,0.0042112128043657,-0.010598620729415,0.0190210463381465,0.8788507586415779,0.1330810543175661,1.0
51,SCP-EA,S5,risk_violation_rate,20,0.344375,0.336875,-0.0074999999999999,-0.033134204763358,0.018134204763358,0.585648786866535,-0.1369306393762915,1.0
52,SCP-EA,S5,mean_delay,20,16.208715993066555,15.944639640230545,-0.2640763528360147,-0.8120272668583312,0.2838745611863017,0.1589900610113243,-0.225552206154457,0.9539403660679456
53,SCP-EA,S5,energy_consumed,20,4.6345612456453,4.618173100881681,-0.0163881447636193,-0.0693994217789674,0.0366231322517286,0.4304332733154297,-0.1446840799863851,1.0
54,SCP-EA,S5,optimizer_calls,20,8.0,10.0,2.0,2.0,2.0,7.74421643104407e-06,,4.646529858626442e-05
55,SCP-EA,ALL_DYNAMIC,PDR,20,0.8938954388176681,0.8949796037943962,0.0010841649767279,-0.0064510726881269,0.0086194026415829,0.6742229461669922,0.0673376010966702,1.0
56,SCP-EA,ALL_DYNAMIC,risk_violation_rate,20,0.2493749999999999,0.2487499999999999,-0.000625,-0.0205097249974755,0.0192597249974754,0.6291623521725525,-0.0147102363271099,1.0
57,SCP-EA,ALL_DYNAMIC,mean_delay,20,13.665855562126476,13.68508954938952,0.0192339872630394,-0.2544576014032724,0.2929255759293513,0.4523754119873047,0.0328902440000623,1.0
58,SCP-EA,ALL_DYNAMIC,energy_consumed,20,3.074285605156526,3.0714443197889176,-0.0028412853676081,-0.0181274898846185,0.0124449191494022,0.956329345703125,-0.0869910175093482,1.0
59,SCP-EA,ALL_DYNAMIC,optimizer_calls,20,8.0,9.400000000000002,1.4,1.3999999999999997,1.4,7.74421643104407e-06,3072696156553695.5,4.646529858626442e-05
60,ACP-EA,S1,PDR,20,0.8658874773584362,0.8667412460876369,0.0008537687292008,-0.0122274309247029,0.0139349683831046,0.7474753882655978,0.0305458272626848,1.0
61,ACP-EA,S1,risk_violation_rate,20,0.2925,0.2906249999999999,-0.001875,-0.037951665272972,0.034201665272972,0.6424729264276752,-0.0243239502708355,1.0
62,ACP-EA,S1,mean_delay,20,13.669713056231569,13.703418515323335,0.0337054590917691,-0.3877665315376657,0.4551774497212039,1.0,0.0374274940699784,1.0
63,ACP-EA,S1,energy_consumed,20,2.224447296683405,2.22660693535779,0.0021596386743855,-0.010293557749837,0.0146128350986081,0.6215133666992188,0.0811632594430192,1.0
64,ACP-EA,S1,optimizer_calls,20,8.0,9.0,1.0,1.0,1.0,7.74421643104407e-06,,4.646529858626442e-05
65,ACP-EA,S2,PDR,20,0.8679808505639096,0.8703749999999999,0.0023941494360902,-0.013026825230958,0.0178151241031384,0.5196565532398361,0.0726605452252405,1.0
66,ACP-EA,S2,risk_violation_rate,20,0.298125,0.295,-0.003125,-0.0378585197718257,0.0316085197718257,0.7362378451942373,-0.042107596053326,1.0
67,ACP-EA,S2,mean_delay,20,12.944179154431136,13.018271903297082,0.0740927488659473,-0.2822127350935209,0.4303982328254156,0.7475000777680043,0.0973223131318999,1.0
68,ACP-EA,S2,energy_consumed,20,2.1439620684621987,2.1579814380323703,0.014019369570171,0.004579985645451,0.0234587534948909,0.0063896179199218,0.695094826112787,0.0383377075195312
69,ACP-EA,S2,optimizer_calls,20,8.0,11.0,3.0,3.0,3.0,7.74421643104407e-06,,4.646529858626442e-05
70,ACP-EA,S3,PDR,20,0.9321245343880216,0.9363180980653388,0.0041935636773174,-0.0048979220128643,0.0132850493674993,0.3682765960693359,0.2158776114385145,1.0
71,ACP-EA,S3,risk_violation_rate,20,0.1818749999999999,0.174375,-0.0074999999999999,-0.0359327494724864,0.0209327494724864,0.585958224177074,-0.1234529939338448,1.0
72,ACP-EA,S3,mean_delay,20,14.052800047288205,14.294620525958791,0.2418204786705886,-0.1772301456513148,0.6608711029924921,0.2942523956298828,0.2700758839539587,1.0
73,ACP-EA,S3,energy_consumed,20,3.07009605187304,3.0653258564662744,-0.0047701954067656,-0.0298055917253703,0.0202652009118391,0.2305126190185547,-0.0891745488424874,1.0
74,ACP-EA,S3,optimizer_calls,20,8.0,9.0,1.0,1.0,1.0,7.74421643104407e-06,,4.646529858626442e-05
75,ACP-EA,S4,PDR,20,0.9339747736093144,0.9320796533373648,-0.0018951202719494,-0.0139170460753084,0.0101268055314095,0.8227452173339953,-0.0737771637987447,1.0
76,ACP-EA,S4,risk_violation_rate,20,0.141875,0.146875,0.005,-0.0288683439522969,0.0388683439522969,0.930542166320817,0.0690931932011661,1.0
77,ACP-EA,S4,mean_delay,20,11.393027324444445,11.464497162137835,0.071469837693395,-0.1840978233260885,0.3270374987128785,0.8408222198486328,0.1308808537495369,1.0
78,ACP-EA,S4,energy_consumed,20,3.312870695232749,3.2891342682064724,-0.0237364270262768,-0.0696353373434137,0.0221624832908601,0.3682765960693359,-0.2420316676033374,1.0
79,ACP-EA,S4,optimizer_calls,20,8.0,8.0,0.0,0.0,0.0,,,4.646529858626442e-05
80,ACP-EA,S5,PDR,20,0.8607860502097422,0.8693840214816388,0.0085979712718966,-0.0054059082819317,0.022601850825725,0.3957522466577532,0.2873471173302215,1.0
81,ACP-EA,S5,risk_violation_rate,20,0.3525,0.336875,-0.015625,-0.0423918662252138,0.0111418662252138,0.1767467369477582,-0.2732006443631723,1.0
82,ACP-EA,S5,mean_delay,20,16.0840632788527,15.944639640230545,-0.1394236386221578,-0.701910614650975,0.4230633374066594,0.2432009710757566,-0.1160067241580213,1.0
83,ACP-EA,S5,energy_consumed,20,4.631606252153462,4.618173100881681,-0.013433151271782,-0.0670543229797296,0.0401880204361655,0.388376235961914,-0.1172467538205667,1.0
84,ACP-EA,S5,optimizer_calls,20,8.0,10.0,2.0,2.0,2.0,7.74421643104407e-06,,4.646529858626442e-05
85,ACP-EA,ALL_DYNAMIC,PDR,20,0.8921507372258848,0.8949796037943962,0.0028288665685111,-0.0044748528106183,0.0101325859476406,0.2454872131347656,0.1812706977332824,1.0
86,ACP-EA,ALL_DYNAMIC,risk_violation_rate,20,0.253375,0.2487499999999999,-0.004625,-0.024296243396868,0.015046243396868,0.4564947531195794,-0.1100371026895413,1.0
87,ACP-EA,ALL_DYNAMIC,mean_delay,20,13.62875657224961,13.68508954938952,0.0563329771399085,-0.206493267347232,0.3191592216270491,0.7561664581298828,0.1003120708491163,1.0
88,ACP-EA,ALL_DYNAMIC,energy_consumed,20,3.0765964728809707,3.0714443197889176,-0.0051521530920535,-0.020289897272847,0.0099855910887399,0.8123550415039062,-0.1592893790754756,1.0
89,ACP-EA,ALL_DYNAMIC,optimizer_calls,20,8.0,9.400000000000002,1.4,1.3999999999999997,1.4,7.74421643104407e-06,3072696156553695.5,4.646529858626442e-05
90,ACR-NOCVAR,S1,PDR,20,0.8645295634134724,0.8667412460876369,0.0022116826741644,-0.0110536426923098,0.0154770080406386,0.6008710115741303,0.0780304534824535,1.0
91,ACR-NOCVAR,S1,risk_violation_rate,20,0.2949999999999999,0.2906249999999999,-0.0043749999999999,-0.0412418851483037,0.0324918851483037,0.5727413024426578,-0.0555393551652235,1.0
92,ACR-NOCVAR,S1,mean_delay,20,13.552740126792807,13.703418515323335,0.1506783885305301,-0.2853658007349228,0.586722577795983,0.6580087852326646,0.1617259404080614,1.0
93,ACR-NOCVAR,S1,energy_consumed,20,2.2336584140031577,2.22660693535779,-0.0070514786453674,-0.0185831389424861,0.0044801816517511,0.2273299299559873,-0.2861854674490361,1.0
94,ACR-NOCVAR,S1,optimizer_calls,20,9.0,9.0,0.0,0.0,0.0,,,0.0
95,ACR-NOCVAR,S2,PDR,20,0.8661203972109058,0.8703749999999999,0.0042546027890943,-0.0089600670633205,0.0174692726415091,0.2683925050985154,0.1506821904087633,1.0
96,ACR-NOCVAR,S2,risk_violation_rate,20,0.29625,0.295,-0.00125,-0.0359848162582587,0.0334848162582587,0.7217771695409793,-0.0168424097503554,1.0
97,ACR-NOCVAR,S2,mean_delay,20,13.01059209364451,13.018271903297082,0.0076798096525738,-0.3353044535328556,0.3506640728380033,0.9039076325167246,0.0104793774576886,1.0
98,ACR-NOCVAR,S2,energy_consumed,20,2.166653099851252,2.1579814380323703,-0.0086716618188821,-0.0178192371377417,0.0004759134999774,0.0766179234116712,-0.4436653995590584,0.4597075404700274
99,ACR-NOCVAR,S2,optimizer_calls,20,11.0,11.0,0.0,0.0,0.0,,,0.0
100,ACR-NOCVAR,S3,PDR,20,0.930095542923009,0.9363180980653388,0.0062225551423299,-0.0031105051551614,0.0155556154398214,0.1841807496586618,0.3120354265937326,1.0
101,ACR-NOCVAR,S3,risk_violation_rate,20,0.1912499999999999,0.174375,-0.0168749999999999,-0.0458645538195541,0.0121145538195541,0.2768871145038732,-0.2724341035910987,1.0
102,ACR-NOCVAR,S3,mean_delay,20,14.155588685155983,14.294620525958791,0.1390318408028067,-0.2805035047769235,0.558567186382537,0.7011814117431641,0.1550975504981103,1.0
103,ACR-NOCVAR,S3,energy_consumed,20,3.0669620329786245,3.0653258564662744,-0.0016361765123502,-0.024629691960686,0.0213573389359855,0.388376235961914,-0.0333030493291205,1.0
104,ACR-NOCVAR,S3,optimizer_calls,20,9.0,9.0,0.0,0.0,0.0,,,0.0
105,ACR-NOCVAR,S4,PDR,20,0.9334087968952136,0.9320796533373648,-0.0013291435578485,-0.0134278529677035,0.0107695658520064,0.8812824436000936,-0.0514152635789931,1.0
106,ACR-NOCVAR,S4,risk_violation_rate,20,0.1425,0.146875,0.0043749999999999,-0.0294334576413601,0.0381834576413601,0.9478901339636624,0.0605636332129576,1.0
107,ACR-NOCVAR,S4,mean_delay,20,11.416201381274124,11.464497162137835,0.0482957808637108,-0.1997388241731689,0.2963303859005906,0.8694877624511719,0.0911289019939589,1.0
108,ACR-NOCVAR,S4,energy_consumed,20,3.315428938285124,3.2891342682064724,-0.026294670078652,-0.0743580411145266,0.0217687009572226,0.3682765960693359,-0.2560428897024826,1.0
109,ACR-NOCVAR,S4,optimizer_calls,20,8.0,8.0,0.0,0.0,0.0,,,0.0
110,ACR-NOCVAR,S5,PDR,20,0.8640049637219189,0.8693840214816388,0.0053790577597197,-0.0064491859796308,0.0172073014990703,0.3143893322216611,0.2128360371995433,1.0
111,ACR-NOCVAR,S5,risk_violation_rate,20,0.365,0.336875,-0.028125,-0.0540717540364565,-0.0021782459635434,0.039611870360315,-0.5073045037566417,0.23767122216189
112,ACR-NOCVAR,S5,mean_delay,20,16.31692236165268,15.944639640230545,-0.3722827214221376,-1.003722006431924,0.2591565635876489,0.2122114218560655,-0.2759310055979074,1.0
113,ACR-NOCVAR,S5,energy_consumed,20,4.628902430247895,4.618173100881681,-0.0107293293662142,-0.0677878559723662,0.0463291972399377,0.4445089026353956,-0.0880057900771513,1.0
114,ACR-NOCVAR,S5,optimizer_calls,20,10.0,10.0,0.0,0.0,0.0,,,0.0
115,ACR-NOCVAR,ALL_DYNAMIC,PDR,20,0.8916318528329041,0.8949796037943962,0.0033477509614919,-0.0030685388161324,0.0097640407391163,0.1893482208251953,0.2441902927371347,1.0
116,ACR-NOCVAR,ALL_DYNAMIC,risk_violation_rate,20,0.258,0.2487499999999999,-0.00925,-0.028128099313429,0.009628099313429,0.1775342414635503,-0.2293203986009709,0.8876712073177517
117,ACR-NOCVAR,ALL_DYNAMIC,mean_delay,20,13.690408929704024,13.68508954938952,-0.0053193803145034,-0.2853756707458907,0.2747369101168839,0.6742229461669922,-0.0088894508192597,1.0
118,ACR-NOCVAR,ALL_DYNAMIC,energy_consumed,20,3.0823209830732106,3.0714443197889176,-0.0108766632842931,-0.0278890185976475,0.0061356920290611,0.2024497985839843,-0.2992198914886251,1.0
119,ACR-NOCVAR,ALL_DYNAMIC,optimizer_calls,20,9.400000000000002,9.400000000000002,0.0,0.0,0.0,,,0.0
