index,method,scenario,seed,rounds_completed,PDR,mean_delay,energy_consumed,final_alive,FND,HND,LND,risk_violation_rate,optimizer_calls,etx_coverage,delay_coverage,control_energy
0,POINT-EA,S1,0,80,0.8925438596491229,13.34762406263457,2.336744491183537,39,72,81,81,0.1875,8,,,0.0575999999999999
1,SCP-EA,S1,0,80,0.8925438596491229,13.34762406263457,2.336744491183537,39,72,81,81,0.1875,8,0.732,0.692,0.0575999999999999
2,ACP-EA,S1,0,80,0.8925438596491229,13.34762406263457,2.336744491183537,39,72,81,81,0.1875,8,0.91,0.91,0.0575999999999999
3,ACR-NOCVAR,S1,0,80,0.8843984962406015,13.864775578715188,2.3098011120707675,39,72,81,81,0.2125,9,0.904,0.906,0.06462
4,ACR-MCR,S1,0,80,0.8879499217527387,13.153916712748236,2.2708181079648164,39,75,81,81,0.2,9,0.912,0.908,0.06462
5,POINT-EA,S2,0,80,0.8468045112781954,12.291523440630757,2.262494983930764,39,72,81,81,0.3125,8,,,0.0575999999999999
6,SCP-EA,S2,0,80,0.8468045112781954,12.291523440630757,2.262494983930764,39,72,81,81,0.3125,8,0.962,0.952,0.0575999999999999
7,ACP-EA,S2,0,80,0.8468045112781954,12.291523440630757,2.262494983930764,39,72,81,81,0.3125,8,0.888,0.902,0.0575999999999999
8,ACR-NOCVAR,S2,0,80,0.8561579442181134,12.631017417763774,2.2394127165985047,39,72,81,81,0.3,11,0.89,0.904,0.0790199999999999
9,ACR-MCR,S2,0,80,0.8859375,12.190747680397395,2.2314640781054536,40,81,81,81,0.225,11,0.89,0.9,0.0791999999999999
10,POINT-EA,S3,0,80,0.9234375,13.300130399692131,3.0867906063549304,40,81,81,81,0.175,8,,,0.0575999999999999
11,SCP-EA,S3,0,80,0.91375,14.507863596994458,3.139156557013311,40,81,81,81,0.2375,8,0.962,0.838,0.0575999999999999
12,ACP-EA,S3,0,80,0.91625,14.369425832521312,3.15655018860535,40,81,81,81,0.2375,8,0.898,0.892,0.0575999999999999
13,ACR-NOCVAR,S3,0,80,0.943125,14.452087218267945,3.1543969845295923,40,81,81,81,0.1125,9,0.896,0.896,0.0648
14,ACR-MCR,S3,0,80,0.954388172381252,13.705902257913944,3.163995093686036,39,59,81,81,0.1125,9,0.9,0.902,0.06444
15,POINT-EA,S4,0,80,0.8877749029754204,10.782375432860023,3.2049680343714524,37,45,81,81,0.2875,8,,,0.0559799999999999
16,SCP-EA,S4,0,80,0.9589262613195344,10.77311473527011,3.337139860810764,37,45,81,81,0.0625,8,0.974,0.968,0.0559799999999999
17,ACP-EA,S4,0,80,0.9589262613195344,10.77311473527011,3.337139860810764,37,45,81,81,0.0625,8,0.902,0.902,0.0559799999999999
18,ACR-NOCVAR,S4,0,80,0.9589262613195344,10.77311473527011,3.337139860810764,37,45,81,81,0.0625,8,0.902,0.902,0.0559799999999999
19,ACR-MCR,S4,0,80,0.9352541275493688,10.469700069169017,3.334458744821168,36,45,81,81,0.075,8,0.894,0.894,0.0559799999999999
20,POINT-EA,S5,0,80,0.8871280724450195,16.391423627122528,4.528509365711566,37,45,81,81,0.25,8,,,0.0559799999999999
21,SCP-EA,S5,0,80,0.8948900388098319,16.093887415617147,4.510668397471696,37,45,81,81,0.2375,8,0.874,0.718,0.0559799999999999
22,ACP-EA,S5,0,80,0.8948900388098319,16.093887415617147,4.510668397471696,37,45,81,81,0.2375,8,0.902,0.896,0.0559799999999999
23,ACR-NOCVAR,S5,0,80,0.8858344113842174,15.783533434397246,4.447575838173056,37,45,81,81,0.3,10,0.902,0.894,0.0698399999999999
24,ACR-MCR,S5,0,80,0.8914452365521711,15.412054049147548,4.783010897061797,36,45,81,81,0.225,10,0.91,0.896,0.0698399999999999
25,POINT-EA,S1,1,80,0.84875,13.17058739530491,2.236840573637223,40,81,81,81,0.35,8,,,0.0575999999999999
26,SCP-EA,S1,1,80,0.8715625,12.438394864811643,2.242249700168684,40,81,81,81,0.3,8,0.694,0.662,0.0575999999999999
27,ACP-EA,S1,1,80,0.8715625,12.438394864811643,2.242249700168684,40,81,81,81,0.3,8,0.9,0.904,0.0575999999999999
28,ACR-NOCVAR,S1,1,80,0.88625,12.359339144745377,2.248142267240768,40,81,81,81,0.2875,9,0.896,0.904,0.0648
29,ACR-MCR,S1,1,80,0.891875,12.965842600091984,2.240905872497068,40,81,81,81,0.225,9,0.89,0.902,0.0648
30,POINT-EA,S2,1,80,0.85625,13.0086061692135,2.161394694551034,40,81,81,81,0.2875,8,,,0.0575999999999999
31,SCP-EA,S2,1,80,0.8965625,11.862494068710594,2.1527080487924506,40,81,81,81,0.2375,8,0.97,0.956,0.0575999999999999
32,ACP-EA,S2,1,80,0.8965625,11.862494068710594,2.1527080487924506,40,81,81,81,0.2375,8,0.898,0.898,0.0575999999999999
33,ACR-NOCVAR,S2,1,80,0.916875,12.414182185734852,2.207372512228954,40,81,81,81,0.1625,11,0.898,0.9,0.0791999999999999
34,ACR-MCR,S2,1,80,0.87625,12.34730298736803,2.152804512176388,40,81,81,81,0.2875,11,0.89,0.908,0.0791999999999999
35,POINT-EA,S3,1,80,0.9325,14.290075314891476,3.036645378228541,40,81,81,81,0.2125,8,,,0.0575999999999999
36,SCP-EA,S3,1,80,0.925868001251173,13.242164310661128,3.0497569430204186,38,79,81,81,0.1875,8,0.958,0.784,0.0575999999999999
37,ACP-EA,S3,1,80,0.925868001251173,13.242164310661128,3.0497569430204186,38,79,81,81,0.1875,8,0.896,0.886,0.0575999999999999
38,ACR-NOCVAR,S3,1,80,0.925868001251173,13.242164310661128,3.056956943020418,38,79,81,81,0.1875,9,0.896,0.886,0.0648
39,ACR-MCR,S3,1,80,0.9296875,12.789842262339898,2.996205288662191,40,81,81,81,0.2,9,0.896,0.884,0.0648
40,POINT-EA,S4,1,80,0.9071798188874516,10.631949204960076,3.360445709821329,37,45,81,81,0.25,8,,,0.0559799999999999
41,SCP-EA,S4,1,80,0.9495472186287192,9.464309012841468,3.196011743654553,37,45,81,81,0.0875,8,0.96,0.944,0.0559799999999999
42,ACP-EA,S4,1,80,0.9495472186287192,9.464309012841468,3.196011743654553,37,45,81,81,0.0875,8,0.898,0.892,0.0559799999999999
43,ACR-NOCVAR,S4,1,80,0.9495472186287192,9.464309012841468,3.196011743654553,37,45,81,81,0.0875,8,0.898,0.892,0.0559799999999999
44,ACR-MCR,S4,1,80,0.8848641655886158,9.345637595901607,3.2411158149197323,37,45,81,81,0.2875,8,0.902,0.902,0.0559799999999999
45,POINT-EA,S5,1,80,0.860608020698577,15.039890305065892,4.717488985771013,37,45,81,81,0.3125,8,,,0.0559799999999999
46,SCP-EA,S5,1,80,0.8450840879689522,15.070360892133584,4.48290026146295,37,45,81,81,0.35,8,0.848,0.722,0.0559799999999999
47,ACP-EA,S5,1,80,0.8450840879689522,15.070360892133584,4.48290026146295,37,45,81,81,0.35,8,0.892,0.886,0.0559799999999999
48,ACR-NOCVAR,S5,1,80,0.8958602846054333,16.035992250245034,4.651378973758136,37,45,81,81,0.3375,10,0.894,0.898,0.0698399999999999
49,ACR-MCR,S5,1,80,0.9049159120310478,14.62462266686899,4.548255150455216,37,45,81,81,0.2625,10,0.908,0.9,0.0698399999999999
50,POINT-EA,S1,2,80,0.8759375,12.772634323281158,2.146706003264778,40,81,81,81,0.225,8,,,0.0575999999999999
51,SCP-EA,S1,2,80,0.8759375,12.772634323281158,2.146706003264778,40,81,81,81,0.225,8,0.652,0.664,0.0575999999999999
52,ACP-EA,S1,2,80,0.8759375,12.772634323281158,2.146706003264778,40,81,81,81,0.225,8,0.9,0.902,0.0575999999999999
53,ACR-NOCVAR,S1,2,80,0.8759375,12.772634323281158,2.153906003264778,40,81,81,81,0.225,9,0.9,0.902,0.0648
54,ACR-MCR,S1,2,80,0.8759375,12.772634323281158,2.153906003264778,40,81,81,81,0.225,9,0.9,0.902,0.0648
55,POINT-EA,S2,2,80,0.86875,12.351375950795395,2.0884301322046026,40,81,81,81,0.2875,8,,,0.0575999999999999
56,SCP-EA,S2,2,80,0.86875,12.351375950795395,2.0884301322046026,40,81,81,81,0.2875,8,0.92,0.944,0.0575999999999999
57,ACP-EA,S2,2,80,0.86875,12.351375950795395,2.0884301322046026,40,81,81,81,0.2875,8,0.892,0.898,0.0575999999999999
58,ACR-NOCVAR,S2,2,80,0.86875,12.351375950795395,2.110030132204603,40,81,81,81,0.2875,11,0.892,0.898,0.0791999999999999
59,ACR-MCR,S2,2,80,0.86875,12.351375950795395,2.110030132204603,40,81,81,81,0.2875,11,0.892,0.898,0.0791999999999999
60,POINT-EA,S3,2,80,0.9075,14.40249951646414,2.993119421338206,40,81,81,81,0.2625,8,,,0.0575999999999999
61,SCP-EA,S3,2,80,0.9075,14.40249951646414,2.993119421338206,40,81,81,81,0.2625,8,0.94,0.79,0.0575999999999999
62,ACP-EA,S3,2,80,0.9075,14.40249951646414,2.993119421338206,40,81,81,81,0.2625,8,0.896,0.894,0.0575999999999999
63,ACR-NOCVAR,S3,2,80,0.9103125,14.317750825117724,2.994742555113086,40,81,81,81,0.2625,9,0.89,0.892,0.0648
64,ACR-MCR,S3,2,80,0.9103125,14.251627514335018,2.996517686647705,40,81,81,81,0.2625,9,0.892,0.894,0.0648
65,POINT-EA,S4,2,80,0.9372574385510996,10.837651792050831,3.187621536811209,37,45,81,81,0.1625,8,,,0.0559799999999999
66,SCP-EA,S4,2,80,0.9372574385510996,10.837651792050831,3.187621536811209,37,45,81,81,0.1625,8,0.956,0.948,0.0559799999999999
67,ACP-EA,S4,2,80,0.9372574385510996,10.837651792050831,3.187621536811209,37,45,81,81,0.1625,8,0.894,0.894,0.0559799999999999
68,ACR-NOCVAR,S4,2,80,0.9372574385510996,10.837651792050831,3.187621536811209,37,45,81,81,0.1625,8,0.894,0.894,0.0559799999999999
69,ACR-MCR,S4,2,80,0.935640362225097,10.63540593395815,3.165217808317907,37,45,81,81,0.1625,8,0.888,0.888,0.0559799999999999
70,POINT-EA,S5,2,80,0.8811688311688312,14.94785730129354,4.666471514887887,35,45,81,81,0.275,8,,,0.0559799999999999
71,SCP-EA,S5,2,80,0.8821428571428571,14.345006123635704,4.65043139102935,35,45,81,81,0.2625,8,0.808,0.662,0.0559799999999999
72,ACP-EA,S5,2,80,0.8821428571428571,14.345006123635704,4.65043139102935,35,45,81,81,0.2625,8,0.896,0.888,0.0559799999999999
73,ACR-NOCVAR,S5,2,80,0.8821428571428571,14.345006123635704,4.664291391029351,35,45,81,81,0.2625,10,0.896,0.888,0.0698399999999999
74,ACR-MCR,S5,2,80,0.8821428571428571,14.345006123635704,4.664291391029351,35,45,81,81,0.2625,10,0.896,0.888,0.0698399999999999
75,POINT-EA,S1,3,80,0.8834375,13.626702819800451,2.20377437191388,40,81,81,81,0.25,8,,,0.0575999999999999
76,SCP-EA,S1,3,80,0.8590625,13.631262263505471,2.2130470334424315,40,81,81,81,0.3125,8,0.61,0.666,0.0575999999999999
77,ACP-EA,S1,3,80,0.8590625,13.631262263505471,2.2130470334424315,40,81,81,81,0.3125,8,0.9,0.904,0.0575999999999999
78,ACR-NOCVAR,S1,3,80,0.873125,13.892242239174436,2.2220140389714214,40,81,81,81,0.3,9,0.9,0.904,0.0648
79,ACR-MCR,S1,3,80,0.8509375,13.41602078540688,2.22370788616991,40,81,81,81,0.3625,9,0.902,0.896,0.0648
80,POINT-EA,S2,3,80,0.866875,13.15921721858769,2.155422233821436,40,81,81,81,0.2625,8,,,0.0575999999999999
81,SCP-EA,S2,3,80,0.87875,12.427021645370402,2.150800881777637,40,81,81,81,0.275,8,0.938,0.938,0.0575999999999999
82,ACP-EA,S2,3,80,0.87875,12.427021645370402,2.150800881777637,40,81,81,81,0.275,8,0.89,0.902,0.0575999999999999
83,ACR-NOCVAR,S2,3,80,0.8690625,12.355433855429622,2.1595366488980368,40,81,81,81,0.2875,11,0.888,0.898,0.0791999999999999
84,ACR-MCR,S2,3,80,0.865,12.765224786012798,2.1580915585602227,40,81,81,81,0.325,11,0.89,0.9,0.0791999999999999
85,POINT-EA,S3,3,80,0.9332915753210148,14.441740402528904,3.0929195197495813,38,73,81,81,0.1875,8,,,0.0575999999999999
86,SCP-EA,S3,3,80,0.9476817042606516,13.34726765272282,3.065474753368586,39,72,81,81,0.125,8,0.912,0.728,0.0575999999999999
87,ACP-EA,S3,3,80,0.9476817042606516,13.34726765272282,3.065474753368586,39,72,81,81,0.125,8,0.9,0.89,0.0575999999999999
88,ACR-NOCVAR,S3,3,80,0.9423558897243108,13.581284435102628,3.025202977207981,39,72,81,81,0.1625,9,0.896,0.894,0.06462
89,ACR-MCR,S3,3,80,0.93375,14.388885021549902,3.041938138201642,40,81,81,81,0.1875,9,0.898,0.888,0.0648
90,POINT-EA,S4,3,80,0.9259379042690816,12.195499624689626,3.291226026558183,37,45,81,81,0.1375,8,,,0.0559799999999999
91,SCP-EA,S4,3,80,0.9246442432082794,10.961761070501447,3.26448569599298,37,45,81,81,0.2125,8,0.928,0.916,0.0559799999999999
92,ACP-EA,S4,3,80,0.9227037516170764,10.920654508705407,3.2618052338713657,37,45,81,81,0.225,8,0.89,0.89,0.0559799999999999
93,ACR-NOCVAR,S4,3,80,0.9227037516170764,10.920654508705407,3.2618052338713657,37,45,81,81,0.225,8,0.89,0.89,0.0559799999999999
94,ACR-MCR,S4,3,80,0.9259379042690816,10.90804022863787,3.353238824320881,37,45,81,81,0.2,8,0.89,0.898,0.0559799999999999
95,POINT-EA,S5,3,80,0.8696636481241915,15.984557063230843,4.597619934702221,37,45,81,81,0.3,8,,,0.0559799999999999
96,SCP-EA,S5,3,80,0.8670763260025873,17.543692985930853,4.616850647726274,37,45,81,81,0.4,8,0.782,0.652,0.0559799999999999
97,ACP-EA,S5,3,80,0.8670763260025873,17.543692985930853,4.616850647726274,37,45,81,81,0.4,8,0.896,0.896,0.0559799999999999
98,ACR-NOCVAR,S5,3,80,0.8586675291073739,15.968423907049177,4.627426362244212,37,45,81,81,0.3125,10,0.902,0.894,0.0698399999999999
99,ACR-MCR,S5,3,80,0.8653721682847897,15.620021740327823,4.596778795703199,36,45,81,81,0.375,10,0.898,0.888,0.0698399999999999
100,POINT-EA,S1,4,80,0.7996875,13.64441662917424,2.2145598320339905,40,81,81,81,0.5,8,,,0.0575999999999999
101,SCP-EA,S1,4,80,0.8828125,13.34079482021326,2.259880699645346,40,81,81,81,0.2375,8,0.6,0.64,0.0575999999999999
102,ACP-EA,S1,4,80,0.8828125,13.34079482021326,2.259880699645346,40,81,81,81,0.2375,8,0.892,0.9,0.0575999999999999
103,ACR-NOCVAR,S1,4,80,0.8828125,13.34079482021326,2.267080699645346,40,81,81,81,0.2375,9,0.892,0.9,0.0648
104,ACR-MCR,S1,4,80,0.8290625,13.547065089537742,2.2548958035997284,40,81,81,81,0.35,9,0.896,0.898,0.0648
105,POINT-EA,S2,4,80,0.8084375,11.737517300346337,2.118129186934101,40,81,81,81,0.475,8,,,0.0575999999999999
106,SCP-EA,S2,4,80,0.8796875,12.079394626508437,2.1496759462653534,40,81,81,81,0.3,8,0.916,0.928,0.0575999999999999
107,ACP-EA,S2,4,80,0.8775,12.6957454497552,2.1565530548676923,40,81,81,81,0.2875,8,0.882,0.896,0.0575999999999999
108,ACR-NOCVAR,S2,4,80,0.8696875,12.091211213618507,2.1767022429459963,40,81,81,81,0.2875,11,0.884,0.898,0.0791999999999999
109,ACR-MCR,S2,4,80,0.878125,11.92478940138715,2.1472165365062423,40,81,81,81,0.2875,11,0.892,0.902,0.0791999999999999
110,POINT-EA,S3,4,80,0.9090625,14.576480380167496,3.0803446022509915,40,81,81,81,0.2875,8,,,0.0575999999999999
111,SCP-EA,S3,4,80,0.9296875,14.11721855471239,3.136918989189108,40,81,81,81,0.2,8,0.948,0.842,0.0575999999999999
112,ACP-EA,S3,4,80,0.9296875,14.11721855471239,3.136918989189108,40,81,81,81,0.2,8,0.9,0.902,0.0575999999999999
113,ACR-NOCVAR,S3,4,80,0.9296875,14.11721855471239,3.144118989189108,40,81,81,81,0.2,9,0.9,0.902,0.0648
114,ACR-MCR,S3,4,80,0.9621875,14.835470894999249,3.130817670774727,40,81,81,81,0.15,9,0.91,0.904,0.0648
115,POINT-EA,S4,4,80,0.8819534282018111,10.771534117801476,3.341723181877759,37,45,81,81,0.275,8,,,0.0559799999999999
116,SCP-EA,S4,4,80,0.9007115135834411,11.708399752983894,3.323837615451384,37,45,81,81,0.25,8,0.952,0.934,0.0559799999999999
117,ACP-EA,S4,4,80,0.9142949547218628,11.51452685481066,3.321992325264363,37,45,81,81,0.1875,8,0.9,0.902,0.0559799999999999
118,ACR-NOCVAR,S4,4,80,0.9142949547218628,11.51452685481066,3.321992325264363,37,45,81,81,0.1875,8,0.9,0.902,0.0559799999999999
119,ACR-MCR,S4,4,80,0.9207632600258732,11.42425890964155,3.339279391337828,37,45,81,81,0.2,8,0.904,0.902,0.0559799999999999
120,POINT-EA,S5,4,80,0.7972186287192755,14.55771011233502,4.439766753403969,37,45,81,81,0.575,8,,,0.0559799999999999
121,SCP-EA,S5,4,80,0.8751617076326003,16.515994960871577,4.59178309729605,37,45,81,81,0.3625,8,0.734,0.622,0.0559799999999999
122,ACP-EA,S5,4,80,0.8751617076326003,16.515994960871577,4.59178309729605,37,45,81,81,0.3625,8,0.904,0.9,0.0559799999999999
123,ACR-NOCVAR,S5,4,80,0.8809831824062095,18.44836346456034,4.697329119582036,37,45,81,81,0.4,10,0.904,0.906,0.0698399999999999
124,ACR-MCR,S5,4,80,0.8751617076326003,16.14181639614508,4.537245224095069,37,45,81,81,0.3375,10,0.902,0.902,0.0698399999999999
125,POINT-EA,S1,5,80,0.83875,12.836981042596278,2.213280195014536,40,81,81,81,0.3,8,,,0.0575999999999999
126,SCP-EA,S1,5,80,0.8828125,14.008838026999491,2.1898903030122687,40,81,81,81,0.2625,8,0.644,0.67,0.0575999999999999
127,ACP-EA,S1,5,80,0.8765625,13.93991164322352,2.184438329920094,40,81,81,81,0.2875,8,0.896,0.89,0.0575999999999999
128,ACR-NOCVAR,S1,5,80,0.876875,13.847213349513948,2.191159486768006,40,81,81,81,0.2875,9,0.896,0.892,0.0648
129,ACR-MCR,S1,5,80,0.8890625,13.577701605619636,2.163731999473713,40,81,81,81,0.2,9,0.902,0.898,0.0648
130,POINT-EA,S2,5,80,0.8603125,12.73638990269438,2.113392405825585,40,81,81,81,0.3375,8,,,0.0575999999999999
131,SCP-EA,S2,5,80,0.8640625,12.876174706087578,2.1059049995725507,40,81,81,81,0.275,8,0.94,0.944,0.0575999999999999
132,ACP-EA,S2,5,80,0.875625,13.23459398343196,2.1099250400752245,40,81,81,81,0.275,8,0.884,0.898,0.0575999999999999
133,ACR-NOCVAR,S2,5,80,0.871875,13.431276169197613,2.132217987314718,40,81,81,81,0.3375,11,0.892,0.896,0.0791999999999999
134,ACR-MCR,S2,5,80,0.8684375,11.79994575061956,2.097383212540485,40,81,81,81,0.2625,11,0.886,0.894,0.0791999999999999
135,POINT-EA,S3,5,80,0.920625,13.671204268212003,3.0530827714225337,40,81,81,81,0.175,8,,,0.0575999999999999
136,SCP-EA,S3,5,80,0.9065625,12.738241843069952,3.0681581309226607,40,81,81,81,0.2,8,0.956,0.796,0.0575999999999999
137,ACP-EA,S3,5,80,0.9065625,12.738241843069952,3.0681581309226607,40,81,81,81,0.2,8,0.894,0.894,0.0575999999999999
138,ACR-NOCVAR,S3,5,80,0.9046875,13.6964877803123,3.0329754653214582,40,81,81,81,0.2375,9,0.898,0.896,0.0648
139,ACR-MCR,S3,5,80,0.929375,13.649301974465128,2.969616633651692,40,81,81,81,0.1625,9,0.902,0.896,0.0648
140,POINT-EA,S4,5,80,0.9165588615782664,11.01844656287244,3.270216241943098,37,45,81,81,0.175,8,,,0.0559799999999999
141,SCP-EA,S4,5,80,0.9327296248382924,10.87232140264467,3.2582447001283814,37,45,81,81,0.125,8,0.952,0.964,0.0559799999999999
142,ACP-EA,S4,5,80,0.9327296248382924,10.87232140264467,3.2582447001283814,37,45,81,81,0.125,8,0.912,0.898,0.0559799999999999
143,ACR-NOCVAR,S4,5,80,0.9327296248382924,10.87232140264467,3.2582447001283814,37,45,81,81,0.125,8,0.912,0.898,0.0559799999999999
144,ACR-MCR,S4,5,80,0.9036222509702458,11.029755507420752,3.235819236913793,37,45,81,81,0.1875,8,0.902,0.9,0.0559799999999999
145,POINT-EA,S5,5,80,0.8741914618369987,15.597609374640758,4.610213978243513,37,45,81,81,0.3125,8,,,0.0559799999999999
146,SCP-EA,S5,5,80,0.8913324708926261,16.180793346434125,4.554778693047037,37,45,81,81,0.325,8,0.788,0.664,0.0559799999999999
147,ACP-EA,S5,5,80,0.876419072332144,15.150209664896494,4.911153038062862,36,45,81,81,0.3,8,0.906,0.906,0.0559799999999999
148,ACR-NOCVAR,S5,5,80,0.8584875040571243,16.82053339939983,4.739331313809321,36,45,81,81,0.4125,10,0.898,0.902,0.0696599999999999
149,ACR-MCR,S5,5,80,0.8641374837872893,15.395209256599871,4.633359351134328,36,45,81,81,0.3625,10,0.896,0.896,0.0698399999999999
150,POINT-EA,S1,6,80,0.80125,14.273970039755046,2.152218739757319,40,81,81,81,0.4375,8,,,0.0575999999999999
151,SCP-EA,S1,6,80,0.8328125,14.94316666875115,2.1980212783890094,40,81,81,81,0.4,8,0.716,0.644,0.0575999999999999
152,ACP-EA,S1,6,80,0.8328125,14.94316666875115,2.1980212783890094,40,81,81,81,0.4,8,0.908,0.91,0.0575999999999999
153,ACR-NOCVAR,S1,6,80,0.83625,14.237910707579832,2.205480550770586,40,81,81,81,0.3625,9,0.908,0.908,0.0648
154,ACR-MCR,S1,6,80,0.858125,15.504913621633388,2.2482192318270275,40,81,81,81,0.3375,9,0.892,0.91,0.0648
155,POINT-EA,S2,6,80,0.798125,14.576189961758104,2.0583196129286305,40,81,81,81,0.525,8,,,0.0575999999999999
156,SCP-EA,S2,6,80,0.810625,14.202412368178218,2.126809066845108,40,81,81,81,0.4375,8,0.948,0.916,0.0575999999999999
157,ACP-EA,S2,6,80,0.810625,14.202412368178218,2.126809066845108,40,81,81,81,0.4375,8,0.894,0.908,0.0575999999999999
158,ACR-NOCVAR,S2,6,80,0.82875,13.774586252691204,2.154427895624213,40,81,81,81,0.375,11,0.89,0.91,0.0791999999999999
159,ACR-MCR,S2,6,80,0.8753125,14.73869965481924,2.162994449728924,40,81,81,81,0.2875,11,0.896,0.914,0.0791999999999999
160,POINT-EA,S3,6,80,0.8238244514106583,13.07814069518028,3.1398673028210977,38,72,81,81,0.4625,8,,,0.0575999999999999
161,SCP-EA,S3,6,80,0.9040625,14.374663222268447,2.996890977355931,40,81,81,81,0.25,8,0.934,0.79,0.0575999999999999
162,ACP-EA,S3,6,80,0.9040625,14.374663222268447,2.996890977355931,40,81,81,81,0.25,8,0.902,0.89,0.0575999999999999
163,ACR-NOCVAR,S3,6,80,0.9040625,14.374663222268447,3.004090977355931,40,81,81,81,0.25,9,0.902,0.89,0.0648
164,ACR-MCR,S3,6,80,0.928125,14.79680772607382,3.0725644009518707,40,81,81,81,0.2375,9,0.9,0.898,0.0648
165,POINT-EA,S4,6,80,0.8321474773609314,12.873256344077594,3.3951092863759893,37,45,81,81,0.3875,8,,,0.0559799999999999
166,SCP-EA,S4,6,80,0.914941785252264,12.580437793026793,3.3920899764858685,37,45,81,81,0.2,8,0.958,0.94,0.0559799999999999
167,ACP-EA,S4,6,80,0.914941785252264,12.580437793026793,3.3920899764858685,37,45,81,81,0.2,8,0.898,0.896,0.0559799999999999
168,ACR-NOCVAR,S4,6,80,0.914941785252264,12.580437793026793,3.3920899764858685,37,45,81,81,0.2,8,0.898,0.896,0.0559799999999999
169,ACR-MCR,S4,6,80,0.9586028460543338,12.311876415283075,3.306275392299158,37,45,81,81,0.0875,8,0.894,0.894,0.0559799999999999
170,POINT-EA,S5,6,80,0.8327943078913325,17.52873384636506,4.539927529463382,37,45,81,81,0.4875,8,,,0.0559799999999999
171,SCP-EA,S5,6,80,0.8683699870633894,17.278999511009932,4.724730210224216,37,45,81,81,0.3375,8,0.836,0.618,0.0559799999999999
172,ACP-EA,S5,6,80,0.8683699870633894,17.278999511009932,4.724730210224216,37,45,81,81,0.3375,8,0.898,0.904,0.0559799999999999
173,ACR-NOCVAR,S5,6,80,0.8903622250970246,16.91150948745692,4.7123221530582695,37,45,81,81,0.3125,10,0.896,0.89,0.0698399999999999
174,ACR-MCR,S5,6,80,0.8454075032341527,16.89180436597083,4.671226562908399,37,45,81,81,0.325,10,0.9,0.894,0.0698399999999999
175,POINT-EA,S1,7,80,0.8328125,13.720549268667876,2.1989047614501507,40,81,81,81,0.4625,8,,,0.0575999999999999
176,SCP-EA,S1,7,80,0.84875,14.4628310750063,2.2337326672685576,40,81,81,81,0.4,8,0.722,0.718,0.0575999999999999
177,ACP-EA,S1,7,80,0.848125,13.967306940532811,2.227330055810792,40,81,81,81,0.4,8,0.896,0.89,0.0575999999999999
178,ACR-NOCVAR,S1,7,80,0.8384375,13.419815926165391,2.233614209133931,40,81,81,81,0.3875,9,0.894,0.89,0.0648
179,ACR-MCR,S1,7,80,0.85125,13.332168188056432,2.2269178019326628,40,81,81,81,0.3375,9,0.892,0.9,0.0648
180,POINT-EA,S2,7,80,0.8465625,12.908530679354136,2.110852853440938,40,81,81,81,0.4125,8,,,0.0575999999999999
181,SCP-EA,S2,7,80,0.865,14.50987417940206,2.1534334889855407,40,81,81,81,0.3375,8,0.962,0.95,0.0575999999999999
182,ACP-EA,S2,7,80,0.84125,13.66843940541521,2.146138172462037,40,81,81,81,0.425,8,0.886,0.896,0.0575999999999999
183,ACR-NOCVAR,S2,7,80,0.8221875,13.726056157007458,2.172554481128877,40,81,81,81,0.45,11,0.898,0.902,0.0791999999999999
184,ACR-MCR,S2,7,80,0.8690625,12.811966900512084,2.1567879855921888,40,81,81,81,0.35,11,0.888,0.898,0.0791999999999999
185,POINT-EA,S3,7,80,0.9065625,14.489112638731951,3.074661163550572,40,81,81,81,0.3375,8,,,0.0575999999999999
186,SCP-EA,S3,7,80,0.9499687304565352,14.851365976172035,3.0662428149533083,39,78,81,81,0.25,8,0.942,0.874,0.0575999999999999
187,ACP-EA,S3,7,80,0.930872693149828,14.551695385832405,3.0891855250306675,39,77,81,81,0.2625,8,0.902,0.904,0.0575999999999999
188,ACR-NOCVAR,S3,7,80,0.9283479349186484,14.809120315260207,3.0958508697068776,38,77,81,81,0.275,9,0.906,0.904,0.0648
189,ACR-MCR,S3,7,80,0.95125,13.884122325635763,3.0616196705727337,40,81,81,81,0.175,9,0.908,0.902,0.0648
190,POINT-EA,S4,7,80,0.9227037516170764,11.423369345851167,3.2421520254489966,37,45,81,81,0.2,8,,,0.0559799999999999
191,SCP-EA,S4,7,80,0.9388745148771022,12.312164720258613,3.338928791622296,37,45,81,81,0.1375,8,0.928,0.942,0.0559799999999999
192,ACP-EA,S4,7,80,0.9482535575679172,12.814984466464818,3.383532305182671,37,45,81,81,0.1375,8,0.906,0.912,0.0559799999999999
193,ACR-NOCVAR,S4,7,80,0.9388745148771022,12.312164720258613,3.338928791622296,37,45,81,81,0.1375,8,0.904,0.9,0.0559799999999999
194,ACR-MCR,S4,7,80,0.954398447606727,11.935014715081447,3.374155836046013,37,45,81,81,0.0875,8,0.9,0.906,0.0559799999999999
195,POINT-EA,S5,7,80,0.8664294954721863,15.932919839821984,4.627598224229841,37,45,81,81,0.425,8,,,0.0559799999999999
196,SCP-EA,S5,7,80,0.8502587322121604,16.587931021498648,4.659995340033751,37,45,81,81,0.45,8,0.876,0.77,0.0559799999999999
197,ACP-EA,S5,7,80,0.8541397153945667,17.94422929537804,4.66235137398283,37,45,81,81,0.5,8,0.9,0.904,0.0559799999999999
198,ACR-NOCVAR,S5,7,80,0.8505821474773609,18.113259263848214,4.663670046226769,37,45,81,81,0.4875,10,0.908,0.904,0.0698399999999999
199,ACR-MCR,S5,7,80,0.8229571984435797,16.10809116246685,4.794004456607081,35,45,81,81,0.45,10,0.904,0.904,0.0698399999999999
200,POINT-EA,S1,8,80,0.87625,16.581559362037034,2.197113843726068,40,81,81,81,0.3,8,,,0.0575999999999999
201,SCP-EA,S1,8,80,0.8653125,16.255947577033904,2.193129966799684,40,81,81,81,0.3125,8,0.648,0.642,0.0575999999999999
202,ACP-EA,S1,8,80,0.8653125,16.255947577033904,2.193129966799684,40,81,81,81,0.3125,8,0.9,0.906,0.0575999999999999
203,ACR-NOCVAR,S1,8,80,0.865,16.298001651670035,2.198065386423659,40,81,81,81,0.325,9,0.9,0.906,0.0648
204,ACR-MCR,S1,8,80,0.8603125,14.997831055056253,2.177152064118628,40,81,81,81,0.3,9,0.896,0.898,0.0648
205,POINT-EA,S2,8,80,0.8903125,15.527392915736725,2.110615620838522,40,81,81,81,0.2875,8,,,0.0575999999999999
206,SCP-EA,S2,8,80,0.8865625,15.269454958743012,2.112481707460705,40,81,81,81,0.275,8,0.938,0.892,0.0575999999999999
207,ACP-EA,S2,8,80,0.8865625,15.269454958743012,2.112481707460705,40,81,81,81,0.275,8,0.894,0.896,0.0575999999999999
208,ACR-NOCVAR,S2,8,80,0.8909375,15.583922792133032,2.1300894555043897,40,81,81,81,0.2625,11,0.898,0.892,0.0791999999999999
209,ACR-MCR,S2,8,80,0.881875,14.821235698711533,2.1278969220788007,40,81,81,81,0.3,11,0.892,0.894,0.0791999999999999
210,POINT-EA,S3,8,80,0.9515625,17.048673195180623,3.0426993172121604,40,81,81,81,0.15,8,,,0.0575999999999999
211,SCP-EA,S3,8,80,0.9458698372966208,16.012459163811066,3.0568921983263087,39,76,81,81,0.1375,8,0.954,0.834,0.0575999999999999
212,ACP-EA,S3,8,80,0.9458698372966208,16.012459163811066,3.0568921983263087,39,76,81,81,0.1375,8,0.896,0.902,0.0575999999999999
213,ACR-NOCVAR,S3,8,80,0.95125,16.238258523678255,3.036646718093829,40,81,81,81,0.1375,9,0.896,0.9,0.0648
214,ACR-MCR,S3,8,80,0.9393181107288082,17.24291023259257,3.031367734226441,39,77,81,81,0.2,9,0.898,0.9,0.0648
215,POINT-EA,S4,8,80,0.9210866752910736,13.283429522796023,3.196072095496943,37,45,81,81,0.15,8,,,0.0559799999999999
216,SCP-EA,S4,8,80,0.9217335058214748,12.865699928957076,3.2556537142856445,37,45,81,81,0.1625,8,0.964,0.928,0.0559799999999999
217,ACP-EA,S4,8,80,0.9217335058214748,12.865699928957076,3.2556537142856445,37,45,81,81,0.1625,8,0.896,0.9,0.0559799999999999
218,ACR-NOCVAR,S4,8,80,0.9217335058214748,12.865699928957076,3.2556537142856445,37,45,81,81,0.1625,8,0.896,0.9,0.0559799999999999
219,ACR-MCR,S4,8,80,0.9404915912031048,12.71068973535858,3.330844088060997,37,45,81,81,0.1125,8,0.892,0.896,0.0559799999999999
220,POINT-EA,S5,8,80,0.8741507602717568,19.0026353253219,4.522699410264872,36,45,81,81,0.3875,8,,,0.0559799999999999
221,SCP-EA,S5,8,80,0.8651102464332037,18.537172594852013,4.615297097177468,36,45,81,81,0.3375,8,0.808,0.608,0.0559799999999999
222,ACP-EA,S5,8,80,0.8651102464332037,18.537172594852013,4.615297097177468,36,45,81,81,0.3375,8,0.896,0.91,0.0559799999999999
223,ACR-NOCVAR,S5,8,80,0.8903622250970246,19.38143616733648,4.519451462451671,37,45,81,81,0.375,10,0.908,0.918,0.0698399999999999
224,ACR-MCR,S5,8,80,0.9036222509702458,18.7787199487568,4.432919794335796,36,45,81,81,0.3625,10,0.9,0.908,0.0698399999999999
225,POINT-EA,S1,9,80,0.8775,13.102450532390597,2.359713947699425,40,81,81,81,0.2625,8,,,0.0575999999999999
226,SCP-EA,S1,9,80,0.899375,11.44139042371654,2.278165686427552,40,81,81,81,0.1875,8,0.726,0.776,0.0575999999999999
227,ACP-EA,S1,9,80,0.899375,11.44139042371654,2.278165686427552,40,81,81,81,0.1875,8,0.902,0.908,0.0575999999999999
228,ACR-NOCVAR,S1,9,80,0.899375,11.44139042371654,2.285365686427552,40,81,81,81,0.1875,9,0.902,0.908,0.0648
229,ACR-MCR,S1,9,80,0.8521875,13.93627286560402,2.269844802784009,40,81,81,81,0.325,9,0.898,0.91,0.0648
230,POINT-EA,S2,9,80,0.8728125,13.083398711404936,2.2540228328350933,40,81,81,81,0.3,8,,,0.0575999999999999
231,SCP-EA,S2,9,80,0.9040625,11.303430486784707,2.186941111980416,40,81,81,81,0.2125,8,0.95,0.966,0.0575999999999999
232,ACP-EA,S2,9,80,0.9040625,11.303430486784707,2.186941111980416,40,81,81,81,0.2125,8,0.892,0.91,0.0575999999999999
233,ACR-NOCVAR,S2,9,80,0.904375,11.668479416199382,2.2124324944185005,40,81,81,81,0.2125,11,0.888,0.91,0.0791999999999999
234,ACR-MCR,S2,9,80,0.840625,13.478825772510431,2.201336809029087,40,81,81,81,0.4,11,0.884,0.902,0.0791999999999999
235,POINT-EA,S3,9,80,0.8908748824082785,13.69858672228034,3.406818236638389,38,74,81,81,0.2375,8,,,0.0575999999999999
236,SCP-EA,S3,9,80,0.9421151439299124,12.393325168116494,3.173483808155015,39,77,81,81,0.1125,8,0.914,0.842,0.0575999999999999
237,ACP-EA,S3,9,80,0.9421151439299124,12.393325168116494,3.173483808155015,39,77,81,81,0.1125,8,0.898,0.886,0.0575999999999999
238,ACR-NOCVAR,S3,9,80,0.9421151439299124,12.393325168116494,3.180683808155015,39,77,81,81,0.1125,9,0.898,0.886,0.0648
239,ACR-MCR,S3,9,80,0.9146875,14.694215577897053,3.190929538664657,40,81,81,81,0.2,9,0.896,0.9,0.0648
240,POINT-EA,S4,9,80,0.898124191461837,11.604775443694155,3.359059787534344,37,45,81,81,0.225,8,,,0.0559799999999999
241,SCP-EA,S4,9,80,0.9586028460543338,10.531740149741234,3.4809542206118795,37,45,81,81,0.05,8,0.96,0.972,0.0559799999999999
242,ACP-EA,S4,9,80,0.9586028460543338,10.531740149741234,3.4809542206118795,37,45,81,81,0.05,8,0.908,0.902,0.0559799999999999
243,ACR-NOCVAR,S4,9,80,0.9586028460543338,10.531740149741234,3.4809542206118795,37,45,81,81,0.05,8,0.908,0.902,0.0559799999999999
244,ACR-MCR,S4,9,80,0.9282018111254852,11.560813361362516,3.265569900555162,37,45,81,81,0.1625,8,0.9,0.898,0.0559799999999999
245,POINT-EA,S5,9,80,0.8758085381630013,15.438001594186227,4.839138188649235,37,45,81,81,0.3,8,,,0.0559799999999999
246,SCP-EA,S5,9,80,0.8645224171539961,15.92310719003649,4.646637112991888,36,45,81,81,0.3375,8,0.842,0.758,0.0557999999999999
247,ACP-EA,S5,9,80,0.8645224171539961,15.92310719003649,4.646637112991888,36,45,81,81,0.3375,8,0.898,0.89,0.0557999999999999
248,ACR-NOCVAR,S5,9,80,0.8603442676193569,16.088763770925702,4.637242057955263,36,45,81,81,0.3625,10,0.898,0.894,0.0696599999999999
249,ACR-MCR,S5,9,80,0.8725743855109961,16.49993445052699,4.757148744015342,37,45,81,81,0.3375,10,0.91,0.904,0.0698399999999999
250,POINT-EA,S1,10,80,0.85,12.52207261658008,2.196386620256461,40,81,81,81,0.325,8,,,0.0575999999999999
251,SCP-EA,S1,10,80,0.8428125,12.502427816005126,2.192067091306856,40,81,81,81,0.35,8,0.746,0.722,0.0575999999999999
252,ACP-EA,S1,10,80,0.8428125,12.502427816005126,2.192067091306856,40,81,81,81,0.35,8,0.9,0.902,0.0575999999999999
253,ACR-NOCVAR,S1,10,80,0.8428125,12.502427816005126,2.199267091306856,40,81,81,81,0.35,9,0.9,0.902,0.0648
254,ACR-MCR,S1,10,80,0.87375,13.366166316543444,2.204474988561424,40,81,81,81,0.3125,9,0.902,0.906,0.0648
255,POINT-EA,S2,10,80,0.8753125,12.253526171807598,2.122564593945863,40,81,81,81,0.225,8,,,0.0575999999999999
256,SCP-EA,S2,10,80,0.871875,13.318478652543812,2.107371135984504,40,81,81,81,0.3125,8,0.97,0.94,0.0575999999999999
257,ACP-EA,S2,10,80,0.8621875,12.066782962836236,2.1165617646268933,40,81,81,81,0.2625,8,0.888,0.898,0.0575999999999999
258,ACR-NOCVAR,S2,10,80,0.874375,12.141238715659926,2.132632666772434,40,81,81,81,0.2625,11,0.884,0.9,0.0791999999999999
259,ACR-MCR,S2,10,80,0.86,11.739256348025146,2.1465490894457844,40,81,81,81,0.35,11,0.89,0.898,0.0791999999999999
260,POINT-EA,S3,10,80,0.925508607198748,12.896302673015322,3.05724290890859,39,75,81,81,0.15,8,,,0.0575999999999999
261,SCP-EA,S3,10,80,0.94875,13.847648944206364,2.963930343365692,40,81,81,81,0.15,8,0.966,0.834,0.0575999999999999
262,ACP-EA,S3,10,80,0.94875,13.847648944206364,2.963930343365692,40,81,81,81,0.15,8,0.906,0.904,0.0575999999999999
263,ACR-NOCVAR,S3,10,80,0.92625,14.202313458682422,3.0067588136903307,40,81,81,81,0.2375,9,0.9,0.894,0.0648
264,ACR-MCR,S3,10,80,0.9551864619241616,13.45239549537239,2.974031804485316,39,71,81,81,0.1625,9,0.904,0.902,0.06462
265,POINT-EA,S4,10,80,0.917529107373868,10.416341114129953,3.077036263354854,37,45,81,81,0.175,8,,,0.0559799999999999
266,SCP-EA,S4,10,80,0.9007115135834411,10.34249101684738,3.2448316208074264,37,45,81,81,0.2375,8,0.968,0.942,0.0559799999999999
267,ACP-EA,S4,10,80,0.9007115135834411,10.34249101684738,3.2448316208074264,37,45,81,81,0.2375,8,0.89,0.896,0.0559799999999999
268,ACR-NOCVAR,S4,10,80,0.9007115135834411,10.34249101684738,3.2448316208074264,37,45,81,81,0.2375,8,0.89,0.896,0.0559799999999999
269,ACR-MCR,S4,10,80,0.9243208279430788,11.210968223758137,3.096255575366241,37,45,81,81,0.1875,8,0.898,0.898,0.0559799999999999
270,POINT-EA,S5,10,80,0.8622250970245796,12.487996203614138,4.606638602864162,37,45,81,81,0.3,8,,,0.0559799999999999
271,SCP-EA,S5,10,80,0.8520921180668181,14.62457822315053,4.719922495890076,36,45,81,81,0.3625,8,0.842,0.704,0.0559799999999999
272,ACP-EA,S5,10,80,0.8325777202072538,13.330469634940323,4.509067467561961,36,45,81,81,0.3875,8,0.906,0.9,0.0559799999999999
273,ACR-NOCVAR,S5,10,80,0.873298768632534,13.228569578095428,4.524494437650907,36,45,81,81,0.2875,10,0.91,0.906,0.0698399999999999
274,ACR-MCR,S5,10,80,0.8638421733505821,15.374541011003846,4.512534487877134,37,45,81,81,0.3875,10,0.9,0.898,0.0698399999999999
275,POINT-EA,S1,11,80,0.87125,16.534554727783775,2.268186193404886,40,81,81,81,0.2625,8,,,0.0575999999999999
276,SCP-EA,S1,11,80,0.87125,16.534554727783775,2.268186193404886,40,81,81,81,0.2625,8,0.728,0.728,0.0575999999999999
277,ACP-EA,S1,11,80,0.87125,16.534554727783775,2.268186193404886,40,81,81,81,0.2625,8,0.9,0.902,0.0575999999999999
278,ACR-NOCVAR,S1,11,80,0.87125,16.534554727783775,2.275386193404886,40,81,81,81,0.2625,9,0.9,0.902,0.0648
279,ACR-MCR,S1,11,80,0.863125,15.620962759311045,2.2833781076821698,40,81,81,81,0.275,9,0.896,0.896,0.0648
280,POINT-EA,S2,11,80,0.861875,16.56519116624305,2.214766380637349,40,81,81,81,0.3,8,,,0.0575999999999999
281,SCP-EA,S2,11,80,0.861875,16.56519116624305,2.214766380637349,40,81,81,81,0.3,8,0.938,0.946,0.0575999999999999
282,ACP-EA,S2,11,80,0.861875,16.56519116624305,2.214766380637349,40,81,81,81,0.3,8,0.886,0.9,0.0575999999999999
283,ACR-NOCVAR,S2,11,80,0.8425,17.16532849811647,2.232332818066851,40,81,81,81,0.3125,11,0.888,0.904,0.0791999999999999
284,ACR-MCR,S2,11,80,0.8025,17.198218630146492,2.240171611375491,40,81,81,81,0.35,11,0.89,0.9,0.0791999999999999
285,POINT-EA,S3,11,80,0.9259375,17.99646738998901,3.1717683642413084,40,81,81,81,0.2375,8,,,0.0575999999999999
286,SCP-EA,S3,11,80,0.9217772215269088,17.75437755878564,3.207084159758032,39,76,81,81,0.225,8,0.946,0.86,0.0575999999999999
287,ACP-EA,S3,11,80,0.9217772215269088,17.75437755878564,3.207084159758032,39,76,81,81,0.225,8,0.904,0.89,0.0575999999999999
288,ACR-NOCVAR,S3,11,80,0.9309375,17.497070795444234,3.1870143785689766,40,81,81,81,0.1875,9,0.912,0.89,0.0648
289,ACR-MCR,S3,11,80,0.9038642789820924,17.6025421048006,3.172786891469079,39,63,81,81,0.2,9,0.904,0.9,0.06462
290,POINT-EA,S4,11,80,0.9495472186287192,13.349207713137355,3.309027878915637,37,45,81,81,0.075,8,,,0.0559799999999999
291,SCP-EA,S4,11,80,0.9411384217335058,13.79387556026209,3.3236693321976194,37,45,81,81,0.0875,8,0.946,0.96,0.0559799999999999
292,ACP-EA,S4,11,80,0.9411384217335058,13.79387556026209,3.3236693321976194,37,45,81,81,0.0875,8,0.898,0.9,0.0559799999999999
293,ACR-NOCVAR,S4,11,80,0.9411384217335058,13.79387556026209,3.3236693321976194,37,45,81,81,0.0875,8,0.898,0.9,0.0559799999999999
294,ACR-MCR,S4,11,80,0.9307891332470892,15.085107166561624,3.3296965705477906,37,45,81,81,0.1375,8,0.9,0.9,0.0559799999999999
295,POINT-EA,S5,11,80,0.8357050452781372,21.56633510935512,4.606056444806201,37,45,81,81,0.525,8,,,0.0559799999999999
296,SCP-EA,S5,11,80,0.8434670116429496,19.6026768652012,4.620426168693598,37,45,81,81,0.425,8,0.88,0.75,0.0559799999999999
297,ACP-EA,S5,11,80,0.8434670116429496,19.6026768652012,4.620426168693598,37,45,81,81,0.425,8,0.908,0.898,0.0559799999999999
298,ACR-NOCVAR,S5,11,80,0.8188874514877102,20.65899506350565,4.5910338112262,37,45,81,81,0.525,10,0.902,0.89,0.0698399999999999
299,ACR-MCR,S5,11,80,0.8315006468305304,18.580893014865275,4.603483470497118,37,45,81,81,0.4625,10,0.91,0.896,0.0698399999999999
300,POINT-EA,S1,12,80,0.89625,12.383552537431198,2.2332700504918668,40,81,81,81,0.25,8,,,0.0575999999999999
301,SCP-EA,S1,12,80,0.89625,12.383552537431198,2.2332700504918668,40,81,81,81,0.25,8,0.724,0.68,0.0575999999999999
302,ACP-EA,S1,12,80,0.89625,12.383552537431198,2.2332700504918668,40,81,81,81,0.25,8,0.898,0.896,0.0575999999999999
303,ACR-NOCVAR,S1,12,80,0.89625,12.383552537431198,2.240470050491867,40,81,81,81,0.25,9,0.898,0.896,0.0648
304,ACR-MCR,S1,12,80,0.91,11.435482926978295,2.270237075776029,40,81,81,81,0.175,9,0.892,0.892,0.0648
305,POINT-EA,S2,12,80,0.8775,10.932147052323115,2.1786519359165792,40,81,81,81,0.275,8,,,0.0575999999999999
306,SCP-EA,S2,12,80,0.8775,10.932147052323115,2.1786519359165792,40,81,81,81,0.275,8,0.96,0.962,0.0575999999999999
307,ACP-EA,S2,12,80,0.8775,10.932147052323115,2.1786519359165792,40,81,81,81,0.275,8,0.894,0.91,0.0575999999999999
308,ACR-NOCVAR,S2,12,80,0.87625,10.999837408101165,2.1991594688911213,40,81,81,81,0.275,11,0.894,0.91,0.0791999999999999
309,ACR-MCR,S2,12,80,0.9009375,10.680441227192237,2.208143386455109,40,81,81,81,0.2,11,0.89,0.92,0.0791999999999999
310,POINT-EA,S3,12,80,0.975609756097561,12.494293253989465,3.059423475851008,39,79,81,81,0.05,8,,,0.0575999999999999
311,SCP-EA,S3,12,80,0.975609756097561,12.494293253989465,3.059423475851008,39,79,81,81,0.05,8,0.968,0.852,0.0575999999999999
312,ACP-EA,S3,12,80,0.975609756097561,12.494293253989465,3.059423475851008,39,79,81,81,0.05,8,0.918,0.912,0.0575999999999999
313,ACR-NOCVAR,S3,12,80,0.975609756097561,12.494293253989465,3.0666234758510083,39,79,81,81,0.05,9,0.918,0.912,0.0648
314,ACR-MCR,S3,12,80,0.9721265267773254,11.227750904066744,3.2051740787474454,39,74,81,81,0.0375,9,0.902,0.898,0.0648
315,POINT-EA,S4,12,80,0.951164294954722,9.731372275423078,3.3931056194332125,37,45,81,81,0.1,8,,,0.0559799999999999
316,SCP-EA,S4,12,80,0.951164294954722,9.731372275423078,3.3931056194332125,37,45,81,81,0.1,8,0.956,0.958,0.0559799999999999
317,ACP-EA,S4,12,80,0.951164294954722,9.731372275423078,3.3931056194332125,37,45,81,81,0.1,8,0.91,0.91,0.0559799999999999
318,ACR-NOCVAR,S4,12,80,0.951164294954722,9.731372275423078,3.3931056194332125,37,45,81,81,0.1,8,0.91,0.91,0.0559799999999999
319,ACR-MCR,S4,12,80,0.947606727037516,9.760364408703696,3.2649515703803385,37,45,81,81,0.1,8,0.906,0.906,0.0559799999999999
320,POINT-EA,S5,12,80,0.8646543330087634,13.793423610731818,4.755925447211922,35,45,81,81,0.3,8,,,0.0559799999999999
321,SCP-EA,S5,12,80,0.8747160012982798,14.098073942158186,4.80172765923402,35,45,81,81,0.2875,8,0.844,0.668,0.0559799999999999
322,ACP-EA,S5,12,80,0.8747160012982798,14.098073942158186,4.80172765923402,35,45,81,81,0.2875,8,0.896,0.896,0.0559799999999999
323,ACR-NOCVAR,S5,12,80,0.8769480519480519,15.569092090731363,4.617526540056995,36,45,81,81,0.325,10,0.898,0.892,0.0696599999999999
324,ACR-MCR,S5,12,80,0.91566655854687,14.032050928253662,4.747708316532358,36,45,81,81,0.2375,10,0.9,0.9,0.0698399999999999
325,POINT-EA,S1,13,80,0.8646875,14.10435562485753,2.20989919835675,40,81,81,81,0.3625,8,,,0.0575999999999999
326,SCP-EA,S1,13,80,0.8646875,14.10435562485753,2.20989919835675,40,81,81,81,0.3625,8,0.666,0.678,0.0575999999999999
327,ACP-EA,S1,13,80,0.8646875,14.10435562485753,2.20989919835675,40,81,81,81,0.3625,8,0.9,0.898,0.0575999999999999
328,ACR-NOCVAR,S1,13,80,0.8653125,14.019075487813046,2.2136263327365224,40,81,81,81,0.3625,9,0.902,0.9,0.0648
329,ACR-MCR,S1,13,80,0.874375,14.068491070065187,2.179996384857509,40,81,81,81,0.2875,9,0.894,0.896,0.0648
330,POINT-EA,S2,13,80,0.8740625,13.100352291558574,2.132958315941038,40,81,81,81,0.3,8,,,0.0575999999999999
331,SCP-EA,S2,13,80,0.8740625,13.100352291558574,2.132958315941038,40,81,81,81,0.3,8,0.946,0.948,0.0575999999999999
332,ACP-EA,S2,13,80,0.8740625,13.100352291558574,2.132958315941038,40,81,81,81,0.3,8,0.9,0.906,0.0575999999999999
333,ACR-NOCVAR,S2,13,80,0.855625,13.130057769435023,2.1613961023284,40,81,81,81,0.325,11,0.892,0.91,0.0791999999999999
334,ACR-MCR,S2,13,80,0.870625,13.154309793019063,2.122867279715696,40,81,81,81,0.275,11,0.888,0.908,0.0791999999999999
335,POINT-EA,S3,13,80,0.935,14.008271398931782,3.0716128101841944,40,81,81,81,0.2375,8,,,0.0575999999999999
336,SCP-EA,S3,13,80,0.935,14.008271398931782,3.0716128101841944,40,81,81,81,0.2375,8,0.956,0.834,0.0575999999999999
337,ACP-EA,S3,13,80,0.935,14.008271398931782,3.0716128101841944,40,81,81,81,0.2375,8,0.902,0.892,0.0575999999999999
338,ACR-NOCVAR,S3,13,80,0.9023474178403756,13.25619999014492,3.0932462704106225,39,75,81,81,0.3,9,0.902,0.892,0.0648
339,ACR-MCR,S3,13,80,0.9327284105131416,14.644006738465738,3.0656359510505435,39,76,81,81,0.225,9,0.894,0.888,0.0648
340,POINT-EA,S4,13,80,0.9210866752910736,12.251390190994757,3.4284205109528028,37,45,81,81,0.1875,8,,,0.0559799999999999
341,SCP-EA,S4,13,80,0.9210866752910736,12.251390190994757,3.4284205109528028,37,45,81,81,0.1875,8,0.946,0.946,0.0559799999999999
342,ACP-EA,S4,13,80,0.9210866752910736,12.251390190994757,3.4284205109528028,37,45,81,81,0.1875,8,0.91,0.91,0.0559799999999999
343,ACR-NOCVAR,S4,13,80,0.9210866752910736,12.251390190994757,3.4284205109528028,37,45,81,81,0.1875,8,0.91,0.91,0.0559799999999999
344,ACR-MCR,S4,13,80,0.9091203104786546,11.644567697628224,3.231227616461945,37,45,81,81,0.2125,8,0.896,0.896,0.0559799999999999
345,POINT-EA,S5,13,80,0.8479948253557568,15.337752575279923,4.7287657886965455,37,45,81,81,0.35,8,,,0.0559799999999999
346,SCP-EA,S5,13,80,0.8570504527813713,15.699946218876333,4.701047838580418,37,45,81,81,0.3625,8,0.784,0.66,0.0559799999999999
347,ACP-EA,S5,13,80,0.8570504527813713,15.699946218876333,4.701047838580418,37,45,81,81,0.3625,8,0.896,0.892,0.0559799999999999
348,ACR-NOCVAR,S5,13,80,0.8486223662884927,14.921047114654009,4.728537273042693,36,45,81,81,0.35,10,0.902,0.896,0.0698399999999999
349,ACR-MCR,S5,13,80,0.8824862415021042,16.532627621700627,4.566583784468585,36,45,81,81,0.3,10,0.902,0.894,0.0698399999999999
350,POINT-EA,S1,14,80,0.818125,13.176714558299292,2.262467119410643,40,81,81,81,0.3875,8,,,0.0575999999999999
351,SCP-EA,S1,14,80,0.8828125,13.111714562496918,2.2459155300730265,40,81,81,81,0.2625,8,0.714,0.708,0.0575999999999999
352,ACP-EA,S1,14,80,0.8780181875195986,12.461844973047024,2.309115858288187,39,69,81,81,0.225,8,0.894,0.9,0.0574199999999999
353,ACR-NOCVAR,S1,14,80,0.8924427720288491,12.162544587109265,2.3866210949725137,39,69,81,81,0.2,9,0.892,0.904,0.06462
354,ACR-MCR,S1,14,80,0.8915625,12.824886330046828,2.327440569984008,40,81,81,81,0.2125,9,0.894,0.896,0.0648
355,POINT-EA,S2,14,80,0.84125,12.164010383965785,2.18218816474615,40,81,81,81,0.2625,8,,,0.0575999999999999
356,SCP-EA,S2,14,80,0.8846033239259956,12.379244097472675,2.22047837659014,39,69,81,81,0.225,8,0.938,0.94,0.0574199999999999
357,ACP-EA,S2,14,80,0.885,12.415456148057828,2.182630682722958,40,81,81,81,0.275,8,0.89,0.904,0.0575999999999999
358,ACR-NOCVAR,S2,14,80,0.903125,12.590186629169034,2.246849551004047,40,81,81,81,0.2,11,0.894,0.906,0.0791999999999999
359,ACR-MCR,S2,14,80,0.91,12.657012517018504,2.2334421522376005,40,81,81,81,0.1875,11,0.898,0.904,0.0791999999999999
360,POINT-EA,S3,14,80,0.9049716803020768,13.787570980078533,3.169032091328784,39,58,81,81,0.3,8,,,0.0572399999999999
361,SCP-EA,S3,14,80,0.955,13.596440945143163,3.125881316263857,40,81,81,81,0.1,8,0.964,0.862,0.0575999999999999
362,ACP-EA,S3,14,80,0.9499527856468366,12.33193784530501,3.141706494906849,39,57,81,81,0.1125,8,0.908,0.902,0.0572399999999999
363,ACR-NOCVAR,S3,14,80,0.9578218445073968,13.16464648557809,3.168267827259657,39,57,81,81,0.125,9,0.91,0.904,0.06444
364,ACR-MCR,S3,14,80,0.9646875,13.264475727936404,3.0971137163356506,40,81,81,81,0.0875,9,0.902,0.894,0.0648
365,POINT-EA,S4,14,80,0.8848641655886158,10.5668126309266,3.278399793682956,37,45,81,81,0.225,8,,,0.0559799999999999
366,SCP-EA,S4,14,80,0.9291720569210866,10.599820111302558,3.250072400792108,37,45,81,81,0.125,8,0.972,0.976,0.0559799999999999
367,ACP-EA,S4,14,80,0.9540750323415266,11.099292361145864,3.306085511672622,37,45,81,81,0.1125,8,0.908,0.908,0.0559799999999999
368,ACR-NOCVAR,S4,14,80,0.9540750323415266,11.099292361145864,3.306085511672622,37,45,81,81,0.1125,8,0.908,0.908,0.0559799999999999
369,ACR-MCR,S4,14,80,0.9670116429495472,11.204448731342668,3.3584051829714543,37,45,81,81,0.075,8,0.904,0.902,0.0559799999999999
370,POINT-EA,S5,14,80,0.8564036222509702,15.657566364913606,4.669396238940072,37,45,81,81,0.35,8,,,0.0559799999999999
371,SCP-EA,S5,14,80,0.8635187580853816,15.5245658918119,4.783957716193376,37,45,81,81,0.3125,8,0.858,0.706,0.0559799999999999
372,ACP-EA,S5,14,80,0.8886010362694301,15.347580656407672,4.749681467049742,36,45,81,81,0.25,8,0.9,0.886,0.0559799999999999
373,ACR-NOCVAR,S5,14,80,0.8723266364225535,13.95626066258856,4.769668711345092,36,45,81,81,0.2625,10,0.898,0.884,0.0698399999999999
374,ACR-MCR,S5,14,80,0.8546757901596611,13.944453148296509,4.7197930141076885,36,45,81,81,0.2875,10,0.898,0.898,0.06948
375,POINT-EA,S1,15,80,0.844375,13.282966188870564,2.163866369911669,40,81,81,81,0.3375,8,,,0.0575999999999999
376,SCP-EA,S1,15,80,0.8659375,12.65760549063712,2.1653325835251342,40,81,81,81,0.2625,8,0.716,0.698,0.0575999999999999
377,ACP-EA,S1,15,80,0.844375,13.282966188870564,2.163866369911669,40,81,81,81,0.3375,8,0.896,0.898,0.0575999999999999
378,ACR-NOCVAR,S1,15,80,0.844375,13.282966188870564,2.171066369911669,40,81,81,81,0.3375,9,0.896,0.898,0.0648
379,ACR-MCR,S1,15,80,0.8765625,14.201461698943437,2.158956844258229,40,81,81,81,0.2875,9,0.894,0.892,0.0648
380,POINT-EA,S2,15,80,0.8603125,12.953785599566851,2.082039185407221,40,81,81,81,0.3375,8,,,0.0575999999999999
381,SCP-EA,S2,15,80,0.8878125,12.26613613093172,2.0675561534722986,40,81,81,81,0.2375,8,0.946,0.946,0.0575999999999999
382,ACP-EA,S2,15,80,0.8603125,12.953785599566851,2.082039185407221,40,81,81,81,0.3375,8,0.888,0.904,0.0575999999999999
383,ACR-NOCVAR,S2,15,80,0.8603125,12.953785599566851,2.1036391854072214,40,81,81,81,0.3375,11,0.888,0.904,0.0791999999999999
384,ACR-MCR,S2,15,80,0.879375,13.748568591567874,2.086488573487479,40,81,81,81,0.3375,11,0.878,0.898,0.0791999999999999
385,POINT-EA,S3,15,80,0.9428125,13.88041185260916,2.904249862052352,40,81,81,81,0.1625,8,,,0.0575999999999999
386,SCP-EA,S3,15,80,0.9428125,13.88041185260916,2.904249862052352,40,81,81,81,0.1625,8,0.964,0.866,0.0575999999999999
387,ACP-EA,S3,15,80,0.955868544600939,13.451205418904294,2.9842442358861367,39,75,81,81,0.125,8,0.896,0.894,0.0575999999999999
388,ACR-NOCVAR,S3,15,80,0.9411948701908038,13.948086861151085,2.93936938400393,39,78,81,81,0.175,9,0.884,0.88,0.0648
389,ACR-MCR,S3,15,80,0.9259375,13.58419633008496,2.9348295793111507,40,81,81,81,0.175,9,0.894,0.894,0.0648
390,POINT-EA,S4,15,80,0.959896507115136,11.767273615744884,3.3725964847446424,37,45,81,81,0.075,8,,,0.0559799999999999
391,SCP-EA,S4,15,80,0.959896507115136,11.767273615744884,3.3725964847446424,37,45,81,81,0.075,8,0.96,0.958,0.0559799999999999
392,ACP-EA,S4,15,80,0.961836998706339,10.800972732944995,3.276828110136764,37,45,81,81,0.0625,8,0.908,0.904,0.0559799999999999
393,ACR-NOCVAR,S4,15,80,0.959896507115136,11.767273615744884,3.3725964847446424,37,45,81,81,0.075,8,0.914,0.902,0.0559799999999999
394,ACR-MCR,S4,15,80,0.9404915912031048,11.156046511360715,3.225261795554049,37,45,81,81,0.0875,8,0.898,0.896,0.0559799999999999
395,POINT-EA,S5,15,80,0.8622250970245796,16.59656913806347,4.537098157659363,37,45,81,81,0.4,8,,,0.0559799999999999
396,SCP-EA,S5,15,80,0.8848641655886158,15.367497445970445,4.6318001353855855,37,45,81,81,0.3,8,0.85,0.708,0.0559799999999999
397,ACP-EA,S5,15,80,0.8622250970245796,16.59656913806347,4.537098157659363,37,45,81,81,0.4,8,0.896,0.892,0.0559799999999999
398,ACR-NOCVAR,S5,15,80,0.8457309184993532,15.38729044594474,4.522787367700743,37,45,81,81,0.4,10,0.896,0.888,0.0698399999999999
399,ACR-MCR,S5,15,80,0.8732212160413971,16.155791504190084,4.516224385647111,37,45,81,81,0.35,10,0.888,0.886,0.0698399999999999
400,POINT-EA,S1,16,80,0.8671875,14.525351502567606,2.245977493045639,40,81,81,81,0.3125,8,,,0.0575999999999999
401,SCP-EA,S1,16,80,0.7965625,14.32138500730367,2.238064402104672,40,81,81,81,0.425,8,0.678,0.71,0.0575999999999999
402,ACP-EA,S1,16,80,0.7965625,14.32138500730367,2.238064402104672,40,81,81,81,0.425,8,0.894,0.892,0.0575999999999999
403,ACR-NOCVAR,S1,16,80,0.8109375,13.976611848335628,2.2439718198724155,40,81,81,81,0.425,9,0.894,0.894,0.0648
404,ACR-MCR,S1,16,80,0.8559375,12.85724207614038,2.2101835491906723,40,81,81,81,0.35,9,0.89,0.892,0.0648
405,POINT-EA,S2,16,80,0.8784375,14.206932213529456,2.154476973707204,40,81,81,81,0.3125,8,,,0.0575999999999999
406,SCP-EA,S2,16,80,0.8703125,12.76575300136381,2.149124298825387,40,81,81,81,0.325,8,0.94,0.958,0.0575999999999999
407,ACP-EA,S2,16,80,0.8365625,12.734733136428387,2.156746946319809,40,81,81,81,0.35,8,0.892,0.902,0.0575999999999999
408,ACR-NOCVAR,S2,16,80,0.85125,13.02107315357419,2.1710023947300776,40,81,81,81,0.3125,11,0.896,0.9,0.0791999999999999
409,ACR-MCR,S2,16,80,0.8603125,12.99707437664593,2.172196266332936,40,81,81,81,0.35,11,0.886,0.896,0.0791999999999999
410,POINT-EA,S3,16,80,0.955625,16.521139249842957,3.108553841539215,40,81,81,81,0.0875,8,,,0.0575999999999999
411,SCP-EA,S3,16,80,0.92375,13.978104697542069,3.0871641479835388,40,81,81,81,0.175,8,0.95,0.848,0.0575999999999999
412,ACP-EA,S3,16,80,0.92375,13.991598274565352,3.087901868777702,40,81,81,81,0.175,8,0.89,0.898,0.0575999999999999
413,ACR-NOCVAR,S3,16,80,0.928125,13.931683854401507,3.0564082067325966,40,81,81,81,0.1875,9,0.892,0.894,0.0648
414,ACR-MCR,S3,16,80,0.945,14.79226243342716,3.06764984849306,40,81,81,81,0.1375,9,0.896,0.902,0.0648
415,POINT-EA,S4,16,80,0.9181759379042692,12.66762906084042,3.363323970432967,37,45,81,81,0.175,8,,,0.0559799999999999
416,SCP-EA,S4,16,80,0.9346701164294956,11.384024749244997,3.3650329325287966,37,45,81,81,0.1375,8,0.956,0.962,0.0559799999999999
417,ACP-EA,S4,16,80,0.9346701164294956,11.384024749244997,3.3650329325287966,37,45,81,81,0.1375,8,0.892,0.904,0.0559799999999999
418,ACR-NOCVAR,S4,16,80,0.9346701164294956,11.384024749244997,3.3650329325287966,37,45,81,81,0.1375,8,0.892,0.904,0.0559799999999999
419,ACR-MCR,S4,16,80,0.9534282018111256,11.357115839908865,3.2863163389047383,37,45,81,81,0.1,8,0.882,0.89,0.0559799999999999
420,POINT-EA,S5,16,80,0.8602846054333765,17.607784798445113,4.649362736581283,37,45,81,81,0.4125,8,,,0.0559799999999999
421,SCP-EA,S5,16,80,0.8686934023285899,17.7150749127935,4.665428045017066,37,45,81,81,0.4125,8,0.818,0.742,0.0559799999999999
422,ACP-EA,S5,16,80,0.8376455368693402,16.042584205330897,4.59569463532195,37,45,81,81,0.45,8,0.892,0.892,0.0559799999999999
423,ACR-NOCVAR,S5,16,80,0.8240620957309185,16.216103852974086,4.697515331024811,37,45,81,81,0.4375,10,0.892,0.892,0.0698399999999999
424,ACR-MCR,S5,16,80,0.8360284605433377,15.708026483686972,4.5824203016537846,37,45,81,81,0.3875,10,0.898,0.896,0.0698399999999999
425,POINT-EA,S1,17,80,0.8321875,13.51307162452926,2.1574735737000443,40,81,81,81,0.325,8,,,0.0575999999999999
426,SCP-EA,S1,17,80,0.8909375,14.227281918350856,2.196418535351355,40,81,81,81,0.175,8,0.652,0.67,0.0575999999999999
427,ACP-EA,S1,17,80,0.8909375,14.227281918350856,2.196418535351355,40,81,81,81,0.175,8,0.908,0.91,0.0575999999999999
428,ACR-NOCVAR,S1,17,80,0.8909375,14.227281918350856,2.203618535351355,40,81,81,81,0.175,9,0.908,0.91,0.0648
429,ACR-MCR,S1,17,80,0.8496875,14.569923195394033,2.221832646577207,40,81,81,81,0.35,9,0.9,0.9,0.0648
430,POINT-EA,S2,17,80,0.868125,13.783808511971053,2.1018539118312907,40,81,81,81,0.275,8,,,0.0575999999999999
431,SCP-EA,S2,17,80,0.87875,12.820026549889402,2.120367019510744,40,81,81,81,0.2375,8,0.956,0.958,0.0575999999999999
432,ACP-EA,S2,17,80,0.87875,12.820026549889402,2.120367019510744,40,81,81,81,0.2375,8,0.894,0.898,0.0575999999999999
433,ACR-NOCVAR,S2,17,80,0.87875,12.820026549889402,2.1419670195107443,40,81,81,81,0.2375,11,0.894,0.898,0.0791999999999999
434,ACR-MCR,S2,17,80,0.9078125,13.573247788585906,2.1477618730448,40,81,81,81,0.2,11,0.884,0.9,0.0791999999999999
435,POINT-EA,S3,17,80,0.9134375,14.577555724972758,3.016657148270663,40,81,81,81,0.225,8,,,0.0575999999999999
436,SCP-EA,S3,17,80,0.9145004697776384,15.388084044067435,3.0697868278540126,38,75,81,81,0.2625,8,0.95,0.824,0.0575999999999999
437,ACP-EA,S3,17,80,0.92625,15.701520728387518,3.075716517128334,40,81,81,81,0.25,8,0.9,0.902,0.0575999999999999
438,ACR-NOCVAR,S3,17,80,0.91,15.346084282849969,3.0599925420644336,40,81,81,81,0.2875,9,0.902,0.898,0.0648
439,ACR-MCR,S3,17,80,0.9446875,14.430098960477434,3.047570361262709,40,81,81,81,0.1375,9,0.89,0.884,0.0648
440,POINT-EA,S4,17,80,0.8884217335058214,10.2987206732338,3.253794741722439,37,45,81,81,0.225,8,,,0.0559799999999999
441,SCP-EA,S4,17,80,0.8974773609314359,12.20716147554528,3.192219401671524,37,45,81,81,0.225,8,0.948,0.962,0.0559799999999999
442,ACP-EA,S4,17,80,0.8974773609314359,12.20716147554528,3.192219401671524,37,45,81,81,0.225,8,0.902,0.906,0.0559799999999999
443,ACR-NOCVAR,S4,17,80,0.8974773609314359,12.20716147554528,3.192219401671524,37,45,81,81,0.225,8,0.902,0.906,0.0559799999999999
444,ACR-MCR,S4,17,80,0.9375808538163,11.606574950892844,3.308456820409985,37,45,81,81,0.125,8,0.904,0.904,0.0559799999999999
445,POINT-EA,S5,17,80,0.8835705045278137,17.234985572619557,4.48721905141227,37,45,81,81,0.2875,8,,,0.0559799999999999
446,SCP-EA,S5,17,80,0.8057999348321929,17.08835138972315,4.521831518465844,35,45,81,81,0.4625,8,0.822,0.662,0.0556199999999999
447,ACP-EA,S5,17,80,0.8057999348321929,17.08835138972315,4.521831518465844,35,45,81,81,0.4625,8,0.902,0.904,0.0556199999999999
448,ACR-NOCVAR,S5,17,80,0.8250244379276638,16.83522244448204,4.482178199490416,35,45,81,81,0.45,10,0.898,0.904,0.0694799999999999
449,ACR-MCR,S5,17,80,0.888745148771022,16.137145375648323,4.578771621643949,37,45,81,81,0.325,10,0.902,0.898,0.0698399999999999
450,POINT-EA,S1,18,80,0.8575,12.883410179270006,2.177890358151145,40,81,81,81,0.2875,8,,,0.0575999999999999
451,SCP-EA,S1,18,80,0.861875,13.695697968621378,2.1795289326821203,40,81,81,81,0.2875,8,0.678,0.724,0.0575999999999999
452,ACP-EA,S1,18,80,0.861875,13.695697968621378,2.1795289326821203,40,81,81,81,0.2875,8,0.9,0.896,0.0575999999999999
453,ACR-NOCVAR,S1,18,80,0.863125,13.565257792330844,2.18795465226688,40,81,81,81,0.2875,9,0.896,0.896,0.0648
454,ACR-MCR,S1,18,80,0.8475,14.43733318010643,2.19333758128442,40,81,81,81,0.3625,9,0.896,0.898,0.0648
455,POINT-EA,S2,18,80,0.9059375,11.580359983895695,2.081962809281872,40,81,81,81,0.1875,8,,,0.0575999999999999
456,SCP-EA,S2,18,80,0.8721875,12.676370648264887,2.0821955616864747,40,81,81,81,0.2625,8,0.95,0.952,0.0575999999999999
457,ACP-EA,S2,18,80,0.8721875,12.676370648264887,2.0821955616864747,40,81,81,81,0.2625,8,0.902,0.906,0.0575999999999999
458,ACR-NOCVAR,S2,18,80,0.8746875,12.724320391868387,2.1009356270131185,40,81,81,81,0.275,11,0.902,0.906,0.0791999999999999
459,ACR-MCR,S2,18,80,0.893125,12.56837082145936,2.1247182606709387,40,81,81,81,0.25,11,0.896,0.908,0.0791999999999999
460,POINT-EA,S3,18,80,0.936835522201376,12.982881278522203,3.0409478751229946,39,78,81,81,0.125,8,,,0.0575999999999999
461,SCP-EA,S3,18,80,0.93,14.074837371877583,2.97652356588032,40,81,81,81,0.125,8,0.954,0.876,0.0575999999999999
462,ACP-EA,S3,18,80,0.93,14.074837371877583,2.97652356588032,40,81,81,81,0.125,8,0.894,0.89,0.0575999999999999
463,ACR-NOCVAR,S3,18,80,0.93,14.074837371877583,2.98372356588032,40,81,81,81,0.125,9,0.894,0.89,0.0648
464,ACR-MCR,S3,18,80,0.9196875,14.808992849150387,3.0524704528800566,40,81,81,81,0.225,9,0.894,0.892,0.0648
465,POINT-EA,S4,18,80,0.9391979301423028,10.601888689422491,3.2648287295425806,37,45,81,81,0.1125,8,,,0.0559799999999999
466,SCP-EA,S4,18,80,0.9391979301423028,10.601406263572857,3.264812104839857,37,45,81,81,0.1125,8,0.96,0.95,0.0559799999999999
467,ACP-EA,S4,18,80,0.9320827943078912,11.448368362460872,3.3565695608199797,37,45,81,81,0.15,8,0.898,0.886,0.0559799999999999
468,ACR-NOCVAR,S4,18,80,0.9320827943078912,11.448368362460872,3.3565695608199797,37,45,81,81,0.15,8,0.898,0.886,0.0559799999999999
469,ACR-MCR,S4,18,80,0.9353169469598964,11.879262931104522,3.3070059524324247,37,45,81,81,0.1375,8,0.898,0.89,0.0559799999999999
470,POINT-EA,S5,18,80,0.8796895213454075,14.8943903057096,4.5803638551631,37,45,81,81,0.25,8,,,0.0559799999999999
471,SCP-EA,S5,18,80,0.8968305304010349,14.019470806738378,4.55449190031433,37,45,81,81,0.175,8,0.826,0.728,0.0559799999999999
472,ACP-EA,S5,18,80,0.8968305304010349,14.019470806738378,4.55449190031433,37,45,81,81,0.175,8,0.894,0.888,0.0559799999999999
473,ACR-NOCVAR,S5,18,80,0.8929495472186287,14.809534593341889,4.6263872808367,37,45,81,81,0.25,10,0.898,0.894,0.0698399999999999
474,ACR-MCR,S5,18,80,0.8994178525226391,17.221524337767885,4.5235527340485655,37,45,81,81,0.3,10,0.896,0.892,0.0698399999999999
475,POINT-EA,S1,19,80,0.806875,13.694822346256656,2.2250931674579557,40,81,81,81,0.475,8,,,0.0575999999999999
476,SCP-EA,S1,19,80,0.8709375,13.625448630597168,2.21724783239842,40,81,81,81,0.3125,8,0.69,0.708,0.0575999999999999
477,ACP-EA,S1,19,80,0.866875,13.801760774656191,2.2188160567178263,40,81,81,81,0.325,8,0.89,0.9,0.0575999999999999
478,ACR-NOCVAR,S1,19,80,0.7946875,12.92641146705065,2.236556699031377,40,81,81,81,0.4375,9,0.894,0.892,0.0648
479,ACR-MCR,S1,19,80,0.845625,13.48205390590191,2.252201385351798,40,81,81,81,0.3375,9,0.878,0.892,0.0648
480,POINT-EA,S2,19,80,0.8128125,12.223268812046404,2.121012067237884,40,81,81,81,0.4375,8,,,0.0575999999999999
481,SCP-EA,S2,19,80,0.8675,12.87159575445492,2.112585839832593,40,81,81,81,0.325,8,0.968,0.948,0.0575999999999999
482,ACP-EA,S2,19,80,0.8646875,13.312245775638925,2.119041376078278,40,81,81,81,0.3375,8,0.89,0.902,0.0575999999999999
483,ACR-NOCVAR,S2,19,80,0.806875,12.638445746938896,2.148370596434237,40,81,81,81,0.425,11,0.888,0.896,0.0791999999999999
484,ACR-MCR,S2,19,80,0.8134375,12.818823389147529,2.131284071359172,40,81,81,81,0.3875,11,0.88,0.898,0.0791999999999999
485,POINT-EA,S3,19,80,0.89,13.10442628131365,3.0175284199227965,40,81,81,81,0.325,8,,,0.0575999999999999
486,SCP-EA,S3,19,80,0.9246875,13.513764376155304,3.047016983251054,40,81,81,81,0.2,8,0.938,0.768,0.0575999999999999
487,ACP-EA,S3,19,80,0.9190625,13.851349500630894,3.047346630410277,40,81,81,81,0.2125,8,0.894,0.892,0.0575999999999999
488,ACR-NOCVAR,S3,19,80,0.9178125,13.974196995502904,3.0521699074173174,40,81,81,81,0.2125,9,0.892,0.884,0.0648
489,ACR-MCR,S3,19,80,0.909375,13.846603187591665,3.0336825892507786,40,81,81,81,0.2125,9,0.886,0.884,0.0648
490,POINT-EA,S4,19,80,0.9055627425614488,11.06277929053478,3.2246694973383345,37,45,81,81,0.225,8,,,0.0559799999999999
491,SCP-EA,S4,19,80,0.926261319534282,11.626157119506432,3.2956056873275354,37,45,81,81,0.1375,8,0.942,0.948,0.0559799999999999
492,ACP-EA,S4,19,80,0.926261319534282,11.626157119506432,3.2956056873275354,37,45,81,81,0.1375,8,0.892,0.904,0.0559799999999999
493,ACR-NOCVAR,S4,19,80,0.926261319534282,11.626157119506432,3.2956056873275354,37,45,81,81,0.1375,8,0.892,0.904,0.0559799999999999
494,ACR-MCR,S4,19,80,0.908150064683053,12.054294309680856,3.42913290350784,37,45,81,81,0.2125,8,0.89,0.898,0.0559799999999999
495,POINT-EA,S5,19,80,0.8391065069601813,15.873256992028471,4.6857269257649765,36,45,81,81,0.4625,8,,,0.0559799999999999
496,SCP-EA,S5,19,80,0.8524749272080233,16.357138122887488,4.636519186671004,36,45,81,81,0.3875,8,0.84,0.674,0.0559799999999999
497,ACP-EA,S5,19,80,0.823891226934283,15.452882085252604,4.628255602762442,36,45,81,81,0.425,8,0.896,0.894,0.0559799999999999
498,ACR-NOCVAR,S5,19,80,0.8486223662884927,16.859510117881225,4.657900934295253,36,45,81,81,0.45,10,0.89,0.89,0.0698399999999999
499,ACR-MCR,S5,19,80,0.814359637774903,15.388459218751215,4.594149533811739,37,45,81,81,0.4,10,0.894,0.896,0.0698399999999999
