index,method,scenario,seed,rounds_completed,PDR,mean_delay,energy_consumed,final_alive,FND,HND,LND,risk_violation_rate,optimizer_calls,etx_coverage,delay_coverage,control_energy,parameter,value
0,ACR-MCR,S5,0,80,0.8914452365521711,15.412054049147548,4.783010897061797,36,45,81,81,0.225,10,0.952,0.95,0.0698399999999999,alpha,0.05
1,ACR-MCR,S5,1,80,0.9049159120310478,14.62462266686899,4.548255150455216,37,45,81,81,0.2625,10,0.956,0.954,0.0698399999999999,alpha,0.05
2,ACR-MCR,S5,2,80,0.8821428571428571,14.345006123635704,4.664291391029351,35,45,81,81,0.2625,10,0.946,0.94,0.0698399999999999,alpha,0.05
3,ACR-MCR,S5,3,80,0.8617675623179022,15.617167729688072,4.620148947192434,36,45,81,81,0.3875,10,0.954,0.94,0.0698399999999999,alpha,0.05
4,ACR-MCR,S5,4,80,0.8460543337645536,15.972723440382822,4.561642564140835,36,45,81,81,0.4375,10,0.946,0.95,0.0698399999999999,alpha,0.05
5,ACR-MCR,S5,0,80,0.8914452365521711,15.412054049147548,4.783010897061797,36,45,81,81,0.225,10,0.91,0.896,0.0698399999999999,alpha,0.1
6,ACR-MCR,S5,1,80,0.9049159120310478,14.62462266686899,4.548255150455216,37,45,81,81,0.2625,10,0.908,0.9,0.0698399999999999,alpha,0.1
7,ACR-MCR,S5,2,80,0.8821428571428571,14.345006123635704,4.664291391029351,35,45,81,81,0.2625,10,0.896,0.888,0.0698399999999999,alpha,0.1
8,ACR-MCR,S5,3,80,0.8653721682847897,15.620021740327823,4.596778795703199,36,45,81,81,0.375,10,0.898,0.888,0.0698399999999999,alpha,0.1
9,ACR-MCR,S5,4,80,0.8751617076326003,16.14181639614508,4.537245224095069,37,45,81,81,0.3375,10,0.902,0.902,0.0698399999999999,alpha,0.1
10,ACR-MCR,S5,0,80,0.8914452365521711,15.412054049147548,4.783010897061797,36,45,81,81,0.225,10,0.854,0.846,0.0698399999999999,alpha,0.15
11,ACR-MCR,S5,1,80,0.9049159120310478,14.62462266686899,4.548654425153488,37,45,81,81,0.2625,10,0.862,0.856,0.0698399999999999,alpha,0.15
12,ACR-MCR,S5,2,80,0.8821428571428571,14.345006123635704,4.664291391029351,35,45,81,81,0.2625,10,0.848,0.834,0.0698399999999999,alpha,0.15
13,ACR-MCR,S5,3,80,0.8666666666666667,16.135901674508403,4.592025421029427,36,45,81,81,0.375,10,0.85,0.834,0.0698399999999999,alpha,0.15
14,ACR-MCR,S5,4,80,0.8751617076326003,16.14181639614508,4.537245224095069,37,45,81,81,0.3375,10,0.854,0.85,0.0698399999999999,alpha,0.15
15,ACR-MCR,S5,0,80,0.8914452365521711,15.412054049147548,4.783010897061797,36,45,81,81,0.225,10,0.906,0.906,0.0698399999999999,window,100.0
16,ACR-MCR,S5,1,80,0.9049159120310478,14.62462266686899,4.548255150455216,37,45,81,81,0.2625,10,0.902,0.9,0.0698399999999999,window,100.0
17,ACR-MCR,S5,2,80,0.8821428571428571,14.345006123635704,4.664291391029351,35,45,81,81,0.2625,10,0.906,0.896,0.0698399999999999,window,100.0
18,ACR-MCR,S5,3,80,0.8666666666666667,16.145317102975188,4.591559927021973,36,45,81,81,0.375,10,0.896,0.886,0.0698399999999999,window,100.0
19,ACR-MCR,S5,4,80,0.8751617076326003,16.295854988156243,4.537599259778792,37,45,81,81,0.35,10,0.902,0.9,0.0698399999999999,window,100.0
20,ACR-MCR,S5,0,80,0.8914452365521711,15.412054049147548,4.783010897061797,36,45,81,81,0.225,10,0.91,0.896,0.0698399999999999,window,220.0
21,ACR-MCR,S5,1,80,0.9049159120310478,14.62462266686899,4.548255150455216,37,45,81,81,0.2625,10,0.908,0.9,0.0698399999999999,window,220.0
22,ACR-MCR,S5,2,80,0.8821428571428571,14.345006123635704,4.664291391029351,35,45,81,81,0.2625,10,0.896,0.888,0.0698399999999999,window,220.0
23,ACR-MCR,S5,3,80,0.8653721682847897,15.620021740327823,4.596778795703199,36,45,81,81,0.375,10,0.898,0.888,0.0698399999999999,window,220.0
24,ACR-MCR,S5,4,80,0.8751617076326003,16.14181639614508,4.537245224095069,37,45,81,81,0.3375,10,0.902,0.902,0.0698399999999999,window,220.0
25,ACR-MCR,S5,0,80,0.8914452365521711,15.412054049147548,4.783010897061797,36,45,81,81,0.225,10,0.908,0.886,0.0698399999999999,window,400.0
26,ACR-MCR,S5,1,80,0.9049159120310478,14.62462266686899,4.548255150455216,37,45,81,81,0.2625,10,0.912,0.898,0.0698399999999999,window,400.0
27,ACR-MCR,S5,2,80,0.8821428571428571,14.345006123635704,4.664291391029351,35,45,81,81,0.2625,10,0.888,0.884,0.0698399999999999,window,400.0
28,ACR-MCR,S5,3,80,0.8653721682847897,15.620021740327823,4.596778795703199,36,45,81,81,0.375,10,0.896,0.882,0.0698399999999999,window,400.0
29,ACR-MCR,S5,4,80,0.8751617076326003,16.14181639614508,4.53775125520048,37,45,81,81,0.3375,10,0.904,0.902,0.0698399999999999,window,400.0
30,ACR-MCR,S5,0,80,0.8914452365521711,15.412054049147548,4.783010897061797,36,45,81,81,0.225,10,0.91,0.896,0.0698399999999999,cvar_weight,0.0
31,ACR-MCR,S5,1,80,0.9049159120310478,14.62462266686899,4.548255150455216,37,45,81,81,0.2625,10,0.908,0.9,0.0698399999999999,cvar_weight,0.0
32,ACR-MCR,S5,2,80,0.8821428571428571,14.345006123635704,4.664291391029351,35,45,81,81,0.2625,10,0.896,0.888,0.0698399999999999,cvar_weight,0.0
33,ACR-MCR,S5,3,80,0.8653721682847897,15.620021740327823,4.596778795703199,36,45,81,81,0.375,10,0.898,0.888,0.0698399999999999,cvar_weight,0.0
34,ACR-MCR,S5,4,80,0.8761319534282018,17.073538689032787,4.56606859180248,37,45,81,81,0.3875,10,0.902,0.9,0.0698399999999999,cvar_weight,0.0
35,ACR-MCR,S5,0,80,0.8914452365521711,15.412054049147548,4.783010897061797,36,45,81,81,0.225,10,0.91,0.896,0.0698399999999999,cvar_weight,0.05
36,ACR-MCR,S5,1,80,0.9049159120310478,14.62462266686899,4.548255150455216,37,45,81,81,0.2625,10,0.908,0.9,0.0698399999999999,cvar_weight,0.05
37,ACR-MCR,S5,2,80,0.8821428571428571,14.345006123635704,4.664291391029351,35,45,81,81,0.2625,10,0.896,0.888,0.0698399999999999,cvar_weight,0.05
38,ACR-MCR,S5,3,80,0.8653721682847897,15.620021740327823,4.596778795703199,36,45,81,81,0.375,10,0.898,0.888,0.0698399999999999,cvar_weight,0.05
39,ACR-MCR,S5,4,80,0.8751617076326003,16.14181639614508,4.537245224095069,37,45,81,81,0.3375,10,0.902,0.902,0.0698399999999999,cvar_weight,0.05
40,ACR-MCR,S5,0,80,0.8914452365521711,15.412054049147548,4.783010897061797,36,45,81,81,0.225,10,0.91,0.896,0.0698399999999999,cvar_weight,0.1
41,ACR-MCR,S5,1,80,0.9049159120310478,14.62462266686899,4.548255150455216,37,45,81,81,0.2625,10,0.908,0.9,0.0698399999999999,cvar_weight,0.1
42,ACR-MCR,S5,2,80,0.8821428571428571,14.345006123635704,4.664291391029351,35,45,81,81,0.2625,10,0.896,0.888,0.0698399999999999,cvar_weight,0.1
43,ACR-MCR,S5,3,80,0.8653721682847897,15.620021740327823,4.596778795703199,36,45,81,81,0.375,10,0.898,0.888,0.0698399999999999,cvar_weight,0.1
44,ACR-MCR,S5,4,80,0.8751617076326003,16.14181639614508,4.537245224095069,37,45,81,81,0.3375,10,0.902,0.902,0.0698399999999999,cvar_weight,0.1
45,ACR-MCR,S5,0,80,0.8914452365521711,15.412054049147548,4.783010897061797,36,45,81,81,0.225,10,0.91,0.896,0.0698399999999999,cvar_weight,0.2
46,ACR-MCR,S5,1,80,0.8509880142533204,15.59361975815317,4.561740372441993,36,45,81,81,0.4125,10,0.906,0.896,0.0698399999999999,cvar_weight,0.2
47,ACR-MCR,S5,2,80,0.8821428571428571,14.345006123635704,4.664291391029351,35,45,81,81,0.2625,10,0.896,0.888,0.0698399999999999,cvar_weight,0.2
48,ACR-MCR,S5,3,80,0.8653721682847897,15.620021740327823,4.596778795703199,36,45,81,81,0.375,10,0.898,0.888,0.0698399999999999,cvar_weight,0.2
49,ACR-MCR,S5,4,80,0.8751617076326003,16.14181639614508,4.537245224095069,37,45,81,81,0.3375,10,0.902,0.902,0.0698399999999999,cvar_weight,0.2
