method,metric,n,mean,low,high
RANDOM-CH,PDR,30,0.7441171097587016,0.7205125708481053,0.7677216486692979
RANDOM-CH,timely_ratio,30,0.24110865655271482,0.21647862494421963,0.26573868816121005
RANDOM-CH,service_violation_rate,30,0.8837619047619046,0.8623608230684462,0.9051629864553631
RANDOM-CH,conditional_delay_ms,30,750.5843329284082,719.8229151537221,781.3457507030944
RANDOM-CH,radio_energy_J,30,11.826325469444464,11.68455824359754,11.96809269529139
RANDOM-CH,energy_data_J,30,5.4118748452134655,5.28761517763487,5.536134512792061
RANDOM-CH,energy_probe_J,30,5.73191300498475,5.677322163662645,5.7865038463068545
RANDOM-CH,energy_control_J,30,0.5484483382724051,0.5381675931081757,0.5587290834366345
RANDOM-CH,energy_aggregation_J,30,0.13408928097384096,0.13101998949702087,0.13715857245066104
RANDOM-CH,energy_per_delivered_mJ,30,2.1111152360839847,2.0572473063315244,2.164983165836445
RANDOM-CH,probe_cost_coverage,30,0.8984224621322383,0.8980130210162681,0.8988319032482085
RANDOM-CH,probe_delay_coverage,30,0.8982165156936311,0.8977695160876846,0.8986635152995777
RANDOM-CH,data_cost_coverage,30,0.8628870272563722,0.8601930938198346,0.8655809606929099
RANDOM-CH,data_delay_coverage,30,0.8550964798171549,0.8523552662768353,0.8578376933574744
RANDOM-CH,final_alive,30,38.38666666666667,38.248079592858005,38.525253740475335
RANDOM-CH,searches,30,16.11333333333333,16.055540939733422,16.171125726933237
RANDOM-CH,accepted_changes,30,16.11333333333333,16.055540939733422,16.171125726933237
RANDOM-CH,trigger_coverage,30,0.0,0.0,0.0
RANDOM-CH,trigger_failure,30,0.11333333333333336,0.05554093973342545,0.17112572693324127
POINT-EA,PDR,30,0.8291263448061655,0.8211019787034601,0.8371507109088709
POINT-EA,timely_ratio,30,0.563120660804069,0.551632877365792,0.5746084442423459
POINT-EA,service_violation_rate,30,0.5806666666666666,0.5636803799587298,0.5976529533746033
POINT-EA,conditional_delay_ms,30,455.6327460925915,448.19481422824776,463.07067795693524
POINT-EA,radio_energy_J,30,11.409601906091655,11.343920634047764,11.475283178135546
POINT-EA,energy_data_J,30,5.0522971309800635,5.011283424401176,5.093310837558951
POINT-EA,energy_probe_J,30,5.663743512563836,5.60584504943478,5.721641975692892
POINT-EA,energy_control_J,30,0.5478026249619082,0.5362646853310584,0.559340564592758
POINT-EA,energy_aggregation_J,30,0.1457586375858477,0.14544552639133068,0.14607174878036472
POINT-EA,energy_per_delivered_mJ,30,1.8236499627710647,1.802485017055802,1.8448149084863275
POINT-EA,probe_cost_coverage,30,0.8983366262970821,0.8979219096798405,0.8987513429143237
POINT-EA,probe_delay_coverage,30,0.8981497918116379,0.8977024103545996,0.8985971732686762
POINT-EA,data_cost_coverage,30,0.850208462739856,0.8481585274869806,0.8522583979927313
POINT-EA,data_delay_coverage,30,0.8374844794016941,0.8352528555321884,0.8397161032711998
POINT-EA,final_alive,30,36.986666666666665,36.70659346594254,37.26673986739079
POINT-EA,searches,30,16.259999999999998,16.176446285789975,16.34355371421002
POINT-EA,accepted_changes,30,8.573333333333332,8.09384153457441,9.052825132092254
POINT-EA,trigger_coverage,30,0.0,0.0,0.0
POINT-EA,trigger_failure,30,0.28,0.19541683775260815,0.3645831622473919
FROZEN-CP,PDR,30,0.834805869392192,0.8265166606534496,0.8430950781309344
FROZEN-CP,timely_ratio,30,0.5580814595344865,0.548213239222224,0.567949679846749
FROZEN-CP,service_violation_rate,30,0.5680000000000001,0.5515783019912207,0.5844216980087794
FROZEN-CP,conditional_delay_ms,30,460.21674962912573,453.78521227497583,466.6482869832756
FROZEN-CP,radio_energy_J,30,11.312710808356583,11.255150758644364,11.370270858068801
FROZEN-CP,energy_data_J,30,4.959644241625325,4.923413854186525,4.995874629064125
FROZEN-CP,energy_probe_J,30,5.6557509836891935,5.59961139093272,5.711890576445667
FROZEN-CP,energy_control_J,30,0.551241991216705,0.5405951626234052,0.5618888198100048
FROZEN-CP,energy_aggregation_J,30,0.14607359182535992,0.14576990394904715,0.1463772797016727
FROZEN-CP,energy_per_delivered_mJ,30,1.7995431356845841,1.7799611396480213,1.819125131721147
FROZEN-CP,probe_cost_coverage,30,0.8636878255024312,0.8578341338019931,0.8695415172028692
FROZEN-CP,probe_delay_coverage,30,0.8533495599519185,0.8471364108897781,0.859562709014059
FROZEN-CP,data_cost_coverage,30,0.8068863320476355,0.8008684950529026,0.8129041690423684
FROZEN-CP,data_delay_coverage,30,0.7917836782882708,0.7859307779537598,0.7976365786227818
FROZEN-CP,final_alive,30,36.866666666666674,36.63104741817911,37.10228591515424
FROZEN-CP,searches,30,16.413333333333334,16.327995623025597,16.49867104364107
FROZEN-CP,accepted_changes,30,9.493333333333336,8.986162895433813,10.000503771232859
FROZEN-CP,trigger_coverage,30,0.0,0.0,0.0
FROZEN-CP,trigger_failure,30,0.48000000000000004,0.3867644224914477,0.5732355775085524
ROLL-CP,PDR,30,0.8280858506590569,0.8194214558912941,0.8367502454268197
ROLL-CP,timely_ratio,30,0.553209003067187,0.5415133468307314,0.5649046593036426
ROLL-CP,service_violation_rate,30,0.5764285714285715,0.5598314530162116,0.5930256898409314
ROLL-CP,conditional_delay_ms,30,458.37875352076856,451.3343044777429,465.42320256379423
ROLL-CP,radio_energy_J,30,11.293457469600021,11.233362440308543,11.3535524988915
ROLL-CP,energy_data_J,30,4.947873649502669,4.913920279528508,4.98182701947683
ROLL-CP,energy_probe_J,30,5.648043004728438,5.593508587233468,5.702577422223407
ROLL-CP,energy_control_J,30,0.551570958170646,0.5410730792501142,0.5620688370911779
ROLL-CP,energy_aggregation_J,30,0.14596985719826588,0.14563968808866118,0.1463000263078706
ROLL-CP,energy_per_delivered_mJ,30,1.8094524278779172,1.7899963793260696,1.8289084764297647
ROLL-CP,probe_cost_coverage,30,0.8983448817308387,0.8979312855801754,0.898758477881502
ROLL-CP,probe_delay_coverage,30,0.898149993538139,0.8977065762980134,0.8985934107782645
ROLL-CP,data_cost_coverage,30,0.8448642102634337,0.8423754637204864,0.847352956806381
ROLL-CP,data_delay_coverage,30,0.8284525990491268,0.8255951778879577,0.831310020210296
ROLL-CP,final_alive,30,36.86,36.669700517256615,37.050299482743384
ROLL-CP,searches,30,16.45333333333333,16.367995623025593,16.538671043641067
ROLL-CP,accepted_changes,30,9.293333333333333,8.754180695027946,9.83248597163872
ROLL-CP,trigger_coverage,30,0.0,0.0,0.0
ROLL-CP,trigger_failure,30,0.5666666666666667,0.45050097822956675,0.6828323551037665
ACI-PER,PDR,30,0.8276200352338247,0.8186095021259124,0.8366305683417369
ACI-PER,timely_ratio,30,0.5557574612233805,0.5441567162416503,0.5673582062051108
ACI-PER,service_violation_rate,30,0.5754285714285714,0.5584228480403076,0.5924342948168352
ACI-PER,conditional_delay_ms,30,458.11692339659777,450.2229762143714,466.01087057882415
ACI-PER,radio_energy_J,30,11.307614587980286,11.249107302958254,11.366121873002317
ACI-PER,energy_data_J,30,4.956339228231063,4.919650121755207,4.99302833470692
ACI-PER,energy_probe_J,30,5.653668348573088,5.599368207051516,5.707968490094661
ACI-PER,energy_control_J,30,0.5516053112578827,0.5416177287007032,0.5615928938150622
ACI-PER,energy_aggregation_J,30,0.14600169991825362,0.14570519419722433,0.14629820563928292
ACI-PER,energy_per_delivered_mJ,30,1.8139171426942748,1.7938311151695374,1.8340031702190123
ACI-PER,probe_cost_coverage,30,0.9002152927848002,0.9000301326915429,0.9004004528780575
ACI-PER,probe_delay_coverage,30,0.9003306727457326,0.9001541904975959,0.9005071549938694
ACI-PER,data_cost_coverage,30,0.8480025997857037,0.8456576970968108,0.8503475024745966
ACI-PER,data_delay_coverage,30,0.8326913157796462,0.8301296936870716,0.8352529378722208
ACI-PER,final_alive,30,36.96,36.734331242264126,37.185668757735876
ACI-PER,searches,30,16.439999999999994,16.347177886069776,16.532822113930212
ACI-PER,accepted_changes,30,9.446666666666667,8.961611908336339,9.931721424996995
ACI-PER,trigger_coverage,30,0.0,0.0,0.0
ACI-PER,trigger_failure,30,0.5733333333333331,0.4512743123245959,0.6953923543420704
ACI-EVENT,PDR,30,0.8275662371634345,0.8186872645467129,0.836445209780156
ACI-EVENT,timely_ratio,30,0.5582982620891813,0.547257907458728,0.5693386167196346
ACI-EVENT,service_violation_rate,30,0.5754761904761906,0.5596091027435268,0.5913432782088544
ACI-EVENT,conditional_delay_ms,30,455.90364425972024,449.20718036741386,462.6001081520266
ACI-EVENT,radio_energy_J,30,11.308348178211558,11.25418848517201,11.362507871251106
ACI-EVENT,energy_data_J,30,4.951780333527056,4.917816224916354,4.985744442137758
ACI-EVENT,energy_probe_J,30,5.6501402756071615,5.5972086581668785,5.703071893047444
ACI-EVENT,energy_control_J,30,0.5604446253836929,0.5502418209112869,0.5706474298560988
ACI-EVENT,energy_aggregation_J,30,0.14598294369364448,0.14566337118704892,0.14630251620024004
ACI-EVENT,energy_per_delivered_mJ,30,1.8140527333357317,1.7949658947292895,1.833139571942174
ACI-EVENT,probe_cost_coverage,30,0.9001814624929946,0.8999953721740324,0.9003675528119568
ACI-EVENT,probe_delay_coverage,30,0.9002921115310144,0.9001124356539226,0.9004717874081062
ACI-EVENT,data_cost_coverage,30,0.8481227893823157,0.845708823070997,0.8505367556936343
ACI-EVENT,data_delay_coverage,30,0.8328239165114313,0.8301287880392357,0.8355190449836268
ACI-EVENT,final_alive,30,36.826666666666675,36.61935734849566,37.03397598483769
ACI-EVENT,searches,30,16.713333333333335,16.62632181055408,16.800344856112588
ACI-EVENT,accepted_changes,30,9.373333333333333,8.846448342104516,9.90021832456215
ACI-EVENT,trigger_coverage,30,0.5333333333333332,0.46445737092588174,0.6022092957407846
ACI-EVENT,trigger_failure,30,0.5866666666666667,0.46429292484069085,0.7090404084926425
ACR-MCR,PDR,30,0.8352446528060878,0.8278800329412497,0.842609272670926
ACR-MCR,timely_ratio,30,0.5609908484266108,0.5505712432703186,0.5714104535829031
ACR-MCR,service_violation_rate,30,0.5733333333333331,0.5589688410421674,0.5876978256244989
ACR-MCR,conditional_delay_ms,30,462.77204802911075,455.9895876724708,469.5545083857507
ACR-MCR,radio_energy_J,30,11.365179869030992,11.305474936816543,11.424884801245442
ACR-MCR,energy_data_J,30,4.99513896634977,4.955903928485662,5.034374004213878
ACR-MCR,energy_probe_J,30,5.663907476373117,5.608228003411977,5.719586949334257
ACR-MCR,energy_control_J,30,0.5601132690564871,0.5492481924704872,0.570978345642487
ACR-MCR,energy_aggregation_J,30,0.14602015725161913,0.14573475345724626,0.146305561045992
ACR-MCR,energy_per_delivered_mJ,30,1.807934860368476,1.7922578953375248,1.8236118253994271
ACR-MCR,probe_cost_coverage,30,0.9001857468157961,0.899985361021329,0.9003861326102632
ACR-MCR,probe_delay_coverage,30,0.9003337927930585,0.900144327779623,0.9005232578064939
ACR-MCR,data_cost_coverage,30,0.847356495006165,0.8450175948035842,0.8496953952087457
ACR-MCR,data_delay_coverage,30,0.8320414023846905,0.8294005765123554,0.8346822282570255
ACR-MCR,final_alive,30,36.99333333333334,36.78532940621578,37.2013372604509
ACR-MCR,searches,30,16.660000000000004,16.57644628578998,16.743553714210027
ACR-MCR,accepted_changes,30,10.713333333333333,10.304906928241332,11.121759738425334
ACR-MCR,trigger_coverage,30,0.5333333333333332,0.46445737092588174,0.6022092957407846
ACR-MCR,trigger_failure,30,0.5133333333333333,0.41202445979731184,0.6146422068693548
