scenario,metric,a_mean,b_mean,difference,ci_low,ci_high,n,p
S1,PDR,0.816970238095238,0.8097321428571429,0.007238095238095228,-0.0019108755123584684,0.016387065988548926,30,0.11686883131168688
S1,timely_ratio,0.6595,0.6642797619047619,-0.004779761904761896,-0.026397025659971075,0.016837501850447287,30,0.6554734452655473
S1,service_violation_rate,0.5971428571428572,0.5980952380952381,-0.0009523809523809545,-0.022458589155008698,0.02055382725024679,30,0.9476305236947631
S1,radio_energy_J,11.456472087954664,11.449023430562205,0.007448657392457866,-0.0651809449973447,0.08007825978226044,30,0.8393516064839351
S2,PDR,0.8099285714285714,0.8067857142857144,0.0031428571428571287,-0.0036289784673055898,0.009914692753019847,30,0.35456645433545664
S2,timely_ratio,0.6883035714285715,0.691220238095238,-0.0029166666666666746,-0.016330266545112337,0.010496933211778987,30,0.6688933110668893
S2,service_violation_rate,0.4869047619047618,0.49500000000000005,-0.008095238095238103,-0.025133780190230198,0.008943303999753991,30,0.3598164018359816
S2,radio_energy_J,11.284107940977657,11.212944157968305,0.07116378300935053,-0.00231630567490089,0.14464387169360193,30,0.05823941760582394
S3,PDR,0.9047384155455905,0.8931576980568013,0.011580717488789216,0.00038820068661322114,0.022773234290965214,30,0.043199568004319955
S3,timely_ratio,0.35720478325859484,0.3575037369207772,-0.0002989536621823589,-0.01832818441374477,0.01773027708938005,30,0.973380266197338
S3,service_violation_rate,0.6907142857142856,0.705,-0.014285714285714301,-0.026027187028737436,-0.0025442415426911637,30,0.02183978160218398
S3,radio_energy_J,11.805321289343453,11.915664886274822,-0.1103435969313677,-0.2054700200109329,-0.01521717385180249,30,0.026089739102608974
S4,PDR,0.8853928571428571,0.8695357142857143,0.015857142857142847,0.00807835507952854,0.023635930634757156,30,0.0002899971000289997
S4,timely_ratio,0.8381428571428572,0.8414404761904762,-0.0032976190476190453,-0.014058325615430599,0.007463087520192507,30,0.5358246417535825
S4,service_violation_rate,0.29833333333333323,0.3061904761904762,-0.007857142857142866,-0.0314998930013566,0.015785607287070874,30,0.5129748702512975
S4,radio_energy_J,9.759347343822869,9.780805249240785,-0.021457905417917308,-0.05286676980909108,0.00995095897325646,30,0.17384826151738483
S5,PDR,0.7591931818181816,0.7664204545454546,-0.0072272727272727115,-0.01593104808553197,0.001476502630986548,30,0.0998590014099859
S5,timely_ratio,0.26180303030303026,0.2611590909090909,0.000643939393939393,-0.01172355115180217,0.013011429939680956,30,0.9170508294917051
S5,service_violation_rate,0.7935714285714286,0.7990476190476189,-0.005476190476190497,-0.01721104545917329,0.006258664506792298,30,0.3752162478375216
S5,radio_energy_J,12.52065068305632,12.689571806412152,-0.1689211233558309,-0.2653830858660462,-0.07245916084561563,30,0.0010699893001069989
