group,nodes,probes,fixed_heads,method,metric,n,mean,low,high
heads,60,1,4,ACR-MCR,PDR,10,0.7601666666666665,0.7432046083833161,0.777128724950017
heads,60,1,4,ACR-MCR,timely_ratio,10,0.13556818181818178,0.11169316027019603,0.15944320336616752
heads,60,1,4,ACR-MCR,service_violation_rate,10,0.9107142857142858,0.8680144578016254,0.9534141136269462
heads,60,1,4,ACR-MCR,conditional_delay_ms,10,914.1275141819226,878.1934371926405,950.0615911712047
heads,60,1,4,ACR-MCR,radio_energy_J,10,19.07721887016555,18.842960272070993,19.311477468260104
heads,60,1,4,ACR-MCR,energy_data_J,10,9.219035563141151,9.03709217804985,9.400978948232453
heads,60,1,4,ACR-MCR,energy_probe_J,10,8.382554558070686,8.24819642839364,8.51691268774773
heads,60,1,4,ACR-MCR,energy_control_J,10,1.215842168589151,1.1633644717665808,1.2683198654117211
heads,60,1,4,ACR-MCR,energy_aggregation_J,10,0.2597865803645643,0.25752280577480274,0.2620503549543259
heads,60,1,4,ACR-MCR,energy_per_delivered_mJ,10,1.7140181071825258,1.6814233930511147,1.746612821313937
heads,60,1,4,ACR-MCR,probe_cost_coverage,10,0.8997629537911864,0.8992797822258615,0.9002461253565114
heads,60,1,4,ACR-MCR,probe_delay_coverage,10,0.8999505850651692,0.8994988358384451,0.9004023342918933
heads,60,1,4,ACR-MCR,data_cost_coverage,10,0.8383022758745844,0.8337404649515398,0.842864086797629
heads,60,1,4,ACR-MCR,data_delay_coverage,10,0.8087015036915585,0.8023386018356176,0.8150644055474994
heads,60,1,4,ACR-MCR,final_alive,10,50.0,49.10779318286504,50.89220681713496
heads,60,1,4,ACR-MCR,searches,10,17.0,16.662777520546342,17.337222479453658
heads,60,1,4,ACR-MCR,accepted_changes,10,12.1,10.774496865328087,13.425503134671912
heads,60,1,4,ACR-MCR,trigger_coverage,10,0.7,0.3544497855863562,1.0455502144136437
heads,60,1,4,ACR-MCR,trigger_failure,10,1.3,0.8171708880668164,1.7828291119331836
heads,60,1,4,POINT-EA,PDR,10,0.7567045454545455,0.743658918788981,0.7697501721201099
heads,60,1,4,POINT-EA,timely_ratio,10,0.14245454545454544,0.12305940323498149,0.1618496876741094
heads,60,1,4,POINT-EA,service_violation_rate,10,0.9014285714285715,0.8670418657539201,0.9358152771032229
heads,60,1,4,POINT-EA,conditional_delay_ms,10,920.4951541399889,889.7064230421784,951.2838852377995
heads,60,1,4,POINT-EA,radio_energy_J,10,19.265581108768522,18.944690723729916,19.586471493807128
heads,60,1,4,POINT-EA,energy_data_J,10,9.421606700004997,9.217792217307135,9.625421182702858
heads,60,1,4,POINT-EA,energy_probe_J,10,8.373175694018673,8.203839129685926,8.54251225835142
heads,60,1,4,POINT-EA,energy_control_J,10,1.2122459427704328,1.1654276503763614,1.2590642351645043
heads,60,1,4,POINT-EA,energy_aggregation_J,10,0.2585527719744156,0.25618743679470907,0.26091810715412217
heads,60,1,4,POINT-EA,energy_per_delivered_mJ,10,1.7376761306184527,1.7026465354406952,1.7727057257962102
heads,60,1,4,POINT-EA,probe_cost_coverage,10,0.8966592227201797,0.8956043380386072,0.8977141074017523
heads,60,1,4,POINT-EA,probe_delay_coverage,10,0.8954927403060025,0.8949580071940162,0.8960274734179887
heads,60,1,4,POINT-EA,data_cost_coverage,10,0.8439799252623341,0.8401052938041912,0.847854556720477
heads,60,1,4,POINT-EA,data_delay_coverage,10,0.8190400545820463,0.8120843094004835,0.8259957997636092
heads,60,1,4,POINT-EA,final_alive,10,48.8,47.18978473029403,50.410215269705965
heads,60,1,4,POINT-EA,searches,10,17.0,16.523095396019556,17.476904603980444
heads,60,1,4,POINT-EA,accepted_changes,10,9.6,8.695137134880717,10.504862865119282
heads,60,1,4,POINT-EA,trigger_coverage,10,0.0,0.0,0.0
heads,60,1,4,POINT-EA,trigger_failure,10,1.6,0.9088995711727125,2.2911004288272876
heads,60,1,5,ACR-MCR,PDR,10,0.7742348484848485,0.7590618272667545,0.7894078697029424
heads,60,1,5,ACR-MCR,timely_ratio,10,0.1988484848484848,0.17101282204423507,0.22668414765273454
heads,60,1,5,ACR-MCR,service_violation_rate,10,0.8242857142857144,0.78152139277691,0.8670500357945188
heads,60,1,5,ACR-MCR,conditional_delay_ms,10,734.7733975754693,703.9514829788975,765.5953121720411
heads,60,1,5,ACR-MCR,radio_energy_J,10,18.827137617052873,18.647683068513455,19.00659216559229
heads,60,1,5,ACR-MCR,energy_data_J,10,8.9138217197988,8.786958193680627,9.040685245916974
heads,60,1,5,ACR-MCR,energy_probe_J,10,8.421041033030686,8.289669683407123,8.55241238265425
heads,60,1,5,ACR-MCR,energy_control_J,10,1.2305897888942172,1.1692572851075234,1.291922292680911
heads,60,1,5,ACR-MCR,energy_aggregation_J,10,0.2616850753291649,0.25884447517487424,0.26452567548345557
heads,60,1,5,ACR-MCR,energy_per_delivered_mJ,10,1.6598127974134915,1.6347542457608264,1.6848713490661567
heads,60,1,5,ACR-MCR,probe_cost_coverage,10,0.9001556326074208,0.8996317086101349,0.9006795566047068
heads,60,1,5,ACR-MCR,probe_delay_coverage,10,0.8998802550059157,0.8995421214519239,0.9002183885599075
heads,60,1,5,ACR-MCR,data_cost_coverage,10,0.8367615906775681,0.8317623869827282,0.8417607943724079
heads,60,1,5,ACR-MCR,data_delay_coverage,10,0.8051751813060921,0.7990100191641549,0.8113403434480293
heads,60,1,5,ACR-MCR,final_alive,10,49.9,48.71012540237282,51.08987459762718
heads,60,1,5,ACR-MCR,searches,10,17.2,16.46118256442164,17.938817435578358
heads,60,1,5,ACR-MCR,accepted_changes,10,11.0,9.45465246186293,12.54534753813707
heads,60,1,5,ACR-MCR,trigger_coverage,10,0.8,0.3475685674403591,1.252431432559641
heads,60,1,5,ACR-MCR,trigger_failure,10,1.4,0.5603227977234321,2.239677202276568
heads,60,1,5,POINT-EA,PDR,10,0.7801818181818183,0.7629628406953872,0.7974007956682494
heads,60,1,5,POINT-EA,timely_ratio,10,0.2124545454545454,0.20188406518561994,0.22302502572347085
heads,60,1,5,POINT-EA,service_violation_rate,10,0.8099999999999999,0.7919425409209614,0.8280574590790385
heads,60,1,5,POINT-EA,conditional_delay_ms,10,778.4392889407579,759.1633680916531,797.7152097898628
heads,60,1,5,POINT-EA,radio_energy_J,10,19.26642754609888,19.070846584562418,19.46200850763534
heads,60,1,5,POINT-EA,energy_data_J,10,9.298459654139968,9.158845052579306,9.43807425570063
heads,60,1,5,POINT-EA,energy_probe_J,10,8.491118036116532,8.38359089719296,8.598645175040105
heads,60,1,5,POINT-EA,energy_control_J,10,1.2149380674038264,1.1564637060009317,1.273412428806721
heads,60,1,5,POINT-EA,energy_aggregation_J,10,0.2619117884385527,0.25933038635454847,0.2644931905225569
heads,60,1,5,POINT-EA,energy_per_delivered_mJ,10,1.6874634003771507,1.648168789142649,1.7267580116116523
heads,60,1,5,POINT-EA,probe_cost_coverage,10,0.8970292455731897,0.8960135319621969,0.8980449591841826
heads,60,1,5,POINT-EA,probe_delay_coverage,10,0.8958140627477442,0.8953039633302321,0.8963241621652563
heads,60,1,5,POINT-EA,data_cost_coverage,10,0.8361887240336184,0.83031838141884,0.8420590666483969
heads,60,1,5,POINT-EA,data_delay_coverage,10,0.8103720119974749,0.8037013978918824,0.8170426261030673
heads,60,1,5,POINT-EA,final_alive,10,50.4,48.7071565883545,52.0928434116455
heads,60,1,5,POINT-EA,searches,10,16.8,16.49837904496024,17.10162095503976
heads,60,1,5,POINT-EA,accepted_changes,10,10.1,8.86326213014749,11.33673786985251
heads,60,1,5,POINT-EA,trigger_coverage,10,0.0,0.0,0.0
heads,60,1,5,POINT-EA,trigger_failure,10,0.9,0.6737842837201795,1.1262157162798205
heads,60,1,6,ACR-MCR,PDR,10,0.7875984848484847,0.7695003286762924,0.8056966410206771
heads,60,1,6,ACR-MCR,timely_ratio,10,0.27567424242424243,0.2609537926830875,0.2903946921653974
heads,60,1,6,ACR-MCR,service_violation_rate,10,0.7907142857142857,0.772520783584519,0.8089077878440524
heads,60,1,6,ACR-MCR,conditional_delay_ms,10,643.5306701045549,622.7198188054222,664.3415214036877
heads,60,1,6,ACR-MCR,radio_energy_J,10,18.94629146981648,18.793940397530854,19.098642542102105
heads,60,1,6,ACR-MCR,energy_data_J,10,8.909892979408385,8.804624778431384,9.015161180385386
heads,60,1,6,ACR-MCR,energy_probe_J,10,8.548343985909815,8.43919685116808,8.65749112065155
heads,60,1,6,ACR-MCR,energy_control_J,10,1.2229523371694107,1.1678690721470677,1.2780356021917536
heads,60,1,6,ACR-MCR,energy_aggregation_J,10,0.26510216732887065,0.2636441782655407,0.2665601563922006
heads,60,1,6,ACR-MCR,energy_per_delivered_mJ,10,1.6462940904821353,1.6148920550705612,1.6776961258937093
heads,60,1,6,ACR-MCR,probe_cost_coverage,10,0.8997997192202899,0.8993006191267539,0.9002988193138259
heads,60,1,6,ACR-MCR,probe_delay_coverage,10,0.8997742885577397,0.8993931402702147,0.9001554368452647
heads,60,1,6,ACR-MCR,data_cost_coverage,10,0.8317347790562521,0.8274703913209837,0.8359991667915206
heads,60,1,6,ACR-MCR,data_delay_coverage,10,0.7950165652231227,0.7898133593742717,0.8002197710719737
heads,60,1,6,ACR-MCR,final_alive,10,51.7,50.6309462331009,52.769053766899106
heads,60,1,6,ACR-MCR,searches,10,16.8,16.49837904496024,17.10162095503976
heads,60,1,6,ACR-MCR,accepted_changes,10,11.4,9.741084747281317,13.058915252718684
heads,60,1,6,ACR-MCR,trigger_coverage,10,0.7,0.3544497855863562,1.0455502144136437
heads,60,1,6,ACR-MCR,trigger_failure,10,1.1,0.572163328680419,1.627836671319581
heads,60,1,6,POINT-EA,PDR,10,0.7873712121212122,0.7733278708421424,0.801414553400282
heads,60,1,6,POINT-EA,timely_ratio,10,0.272530303030303,0.25475336894352546,0.29030723711708056
heads,60,1,6,POINT-EA,service_violation_rate,10,0.7585714285714286,0.744159238041219,0.7729836191016382
heads,60,1,6,POINT-EA,conditional_delay_ms,10,665.6149472593236,634.5735853605394,696.6563091581078
heads,60,1,6,POINT-EA,radio_energy_J,10,19.158735658291917,18.82729098688842,19.490180329695413
heads,60,1,6,POINT-EA,energy_data_J,10,9.145922711181795,8.91588417433921,9.37596124802438
heads,60,1,6,POINT-EA,energy_probe_J,10,8.551251940659466,8.422252956066929,8.680250925252002
heads,60,1,6,POINT-EA,energy_control_J,10,1.1975970064506523,1.151084012906655,1.2441099999946494
heads,60,1,6,POINT-EA,energy_aggregation_J,10,0.2639639999999998,0.2623859169725613,0.2655420830274383
heads,60,1,6,POINT-EA,energy_per_delivered_mJ,10,1.664791800630859,1.6267248710166615,1.7028587302450566
heads,60,1,6,POINT-EA,probe_cost_coverage,10,0.8966567391583451,0.8955303589707589,0.8977831193459312
heads,60,1,6,POINT-EA,probe_delay_coverage,10,0.8956263215881026,0.895017848179034,0.8962347949971713
heads,60,1,6,POINT-EA,data_cost_coverage,10,0.8357687497689585,0.8312431027025949,0.8402943968353221
heads,60,1,6,POINT-EA,data_delay_coverage,10,0.8049231995123023,0.797240419636307,0.8126059793882976
heads,60,1,6,POINT-EA,final_alive,10,50.3,49.12939590047749,51.470604099522504
heads,60,1,6,POINT-EA,searches,10,16.4,16.030591282210818,16.76940871778918
heads,60,1,6,POINT-EA,accepted_changes,10,9.5,8.059384936271348,10.940615063728652
heads,60,1,6,POINT-EA,trigger_coverage,10,0.0,0.0,0.0
heads,60,1,6,POINT-EA,trigger_failure,10,0.4,0.03059128221082008,0.76940871778918
probes,40,0,0,ACR-MCR,PDR,10,0.8068068181818182,0.7877987885017278,0.8258148478619086
probes,40,0,0,ACR-MCR,timely_ratio,10,0.2663522727272727,0.24009788497756201,0.29260666047698336
probes,40,0,0,ACR-MCR,service_violation_rate,10,0.7664285714285713,0.7490506092177509,0.7838065336393918
probes,40,0,0,ACR-MCR,conditional_delay_ms,10,635.284759388076,615.5127856382397,655.0567331379124
probes,40,0,0,ACR-MCR,radio_energy_J,10,6.6849744690692745,6.577592281949005,6.792356656189544
probes,40,0,0,ACR-MCR,energy_data_J,10,5.96959651573321,5.864876305637409,6.074316725829011
probes,40,0,0,ACR-MCR,energy_probe_J,10,0.0,0.0,0.0
probes,40,0,0,ACR-MCR,energy_control_J,10,0.5375832695767911,0.5195322930534638,0.5556342461001185
probes,40,0,0,ACR-MCR,energy_aggregation_J,10,0.17779468375927351,0.17609872530993867,0.17949064220860836
probes,40,0,0,ACR-MCR,energy_per_delivered_mJ,10,0.8527503227529545,0.8313522330339835,0.8741484124719254
probes,40,0,0,ACR-MCR,data_cost_coverage,10,0.7210031801310594,0.7147475812911248,0.7272587789709939
probes,40,0,0,ACR-MCR,data_delay_coverage,10,0.6955955337748165,0.6886233310977373,0.7025677364518957
probes,40,0,0,ACR-MCR,final_alive,10,36.4,35.495137134880714,37.30486286511928
probes,40,0,0,ACR-MCR,searches,10,16.5,16.1229738062003,16.8770261937997
probes,40,0,0,ACR-MCR,accepted_changes,10,7.7,5.88243652962277,9.51756347037723
probes,40,0,0,ACR-MCR,trigger_coverage,10,0.0,0.0,0.0
probes,40,0,0,ACR-MCR,trigger_failure,10,0.5,0.12297380620029918,0.8770261937997008
probes,40,0,0,POINT-EA,PDR,10,0.7981363636363636,0.7826410764525701,0.8136316508201572
probes,40,0,0,POINT-EA,timely_ratio,10,0.2890795454545454,0.2725527999222909,0.30560629098679987
probes,40,0,0,POINT-EA,service_violation_rate,10,0.7592857142857142,0.7373345126033359,0.7812369159680925
probes,40,0,0,POINT-EA,conditional_delay_ms,10,596.1594216504301,577.0464413892907,615.2724019115694
probes,40,0,0,POINT-EA,radio_energy_J,10,6.731318563813284,6.639997647075313,6.822639480551255
probes,40,0,0,POINT-EA,energy_data_J,10,6.018473218405264,5.926362518137701,6.110583918672827
probes,40,0,0,POINT-EA,energy_probe_J,10,0.0,0.0,0.0
probes,40,0,0,POINT-EA,energy_control_J,10,0.5347073454080198,0.516519774747751,0.5528949160682886
probes,40,0,0,POINT-EA,energy_aggregation_J,10,0.1781379999999997,0.1776530346788045,0.17862296532119493
probes,40,0,0,POINT-EA,energy_per_delivered_mJ,10,0.867034545160205,0.8444776948699336,0.8895913954504763
probes,40,0,0,POINT-EA,data_cost_coverage,10,0.7211827269736808,0.7146663675106233,0.7276990864367383
probes,40,0,0,POINT-EA,data_delay_coverage,10,0.6973535825612182,0.690412038635203,0.7042951264872334
probes,40,0,0,POINT-EA,final_alive,10,37.0,37.0,37.0
probes,40,0,0,POINT-EA,searches,10,16.3,15.954449785586357,16.645550214413646
probes,40,0,0,POINT-EA,accepted_changes,10,7.1,5.691313888290649,8.50868611170935
probes,40,0,0,POINT-EA,trigger_coverage,10,0.0,0.0,0.0
probes,40,0,0,POINT-EA,trigger_failure,10,0.3,-0.04555021441364382,0.6455502144136438
probes,40,1,0,ACR-MCR,PDR,10,0.7761704545454546,0.7601804161442374,0.7921604929466719
probes,40,1,0,ACR-MCR,timely_ratio,10,0.2657386363636363,0.2372098776411991,0.2942673950860735
probes,40,1,0,ACR-MCR,service_violation_rate,10,0.7728571428571429,0.7508070465382554,0.7949072391760305
probes,40,1,0,ACR-MCR,conditional_delay_ms,10,630.7107713264966,596.2230841698292,665.1984584831639
probes,40,1,0,ACR-MCR,radio_energy_J,10,12.63773398824161,12.492757337869188,12.782710638614033
probes,40,1,0,ACR-MCR,energy_data_J,10,6.209146543274902,6.090412342901711,6.327880743648093
probes,40,1,0,ACR-MCR,energy_probe_J,10,5.692663054203377,5.597613066884808,5.787713041521947
probes,40,1,0,ACR-MCR,energy_control_J,10,0.5609704762558954,0.5362609244832761,0.5856800280285146
probes,40,1,0,ACR-MCR,energy_aggregation_J,10,0.17495391450743492,0.1736420796165498,0.17626574939832004
probes,40,1,0,ACR-MCR,energy_per_delivered_mJ,10,1.6692355502743947,1.628189996652859,1.7102811038959305
probes,40,1,0,ACR-MCR,probe_cost_coverage,10,0.8999419152769932,0.8993399549811831,0.9005438755728032
probes,40,1,0,ACR-MCR,probe_delay_coverage,10,0.9000428250583304,0.8995621437314012,0.9005235063852597
probes,40,1,0,ACR-MCR,data_cost_coverage,10,0.8321995937283029,0.8260605540972503,0.8383386333593554
probes,40,1,0,ACR-MCR,data_delay_coverage,10,0.8119304868632277,0.8054233705010239,0.8184376032254315
probes,40,1,0,ACR-MCR,final_alive,10,33.3,32.470542373640654,34.12945762635934
probes,40,1,0,ACR-MCR,searches,10,17.5,16.994166280819517,18.005833719180483
probes,40,1,0,ACR-MCR,accepted_changes,10,10.9,9.979561759359113,11.820438240640888
probes,40,1,0,ACR-MCR,trigger_coverage,10,1.1,0.572163328680419,1.627836671319581
probes,40,1,0,ACR-MCR,trigger_failure,10,1.4,0.8998182316122291,1.9001817683877706
probes,40,1,0,POINT-EA,PDR,10,0.7742272727272728,0.7591471110907708,0.7893074343637747
probes,40,1,0,POINT-EA,timely_ratio,10,0.272625,0.25359164731498596,0.29165835268501406
probes,40,1,0,POINT-EA,service_violation_rate,10,0.7728571428571428,0.7555209646986372,0.7901933210156484
probes,40,1,0,POINT-EA,conditional_delay_ms,10,647.0835937659214,623.1388356225339,671.0283519093089
probes,40,1,0,POINT-EA,radio_energy_J,10,12.830644071698362,12.704425028797875,12.95686311459885
probes,40,1,0,POINT-EA,energy_data_J,10,6.3971908556534824,6.248281234316722,6.546100476990243
probes,40,1,0,POINT-EA,energy_probe_J,10,5.723645361655,5.640504266920222,5.806786456389777
probes,40,1,0,POINT-EA,energy_control_J,10,0.5346350071635804,0.5213789507094979,0.5478910636176628
probes,40,1,0,POINT-EA,energy_aggregation_J,10,0.17517284722630105,0.17436276446978285,0.17598292998281925
probes,40,1,0,POINT-EA,energy_per_delivered_mJ,10,1.6983422494127791,1.6606301307943456,1.7360543680312126
probes,40,1,0,POINT-EA,probe_cost_coverage,10,0.8972941943841072,0.8956567144363894,0.898931674331825
probes,40,1,0,POINT-EA,probe_delay_coverage,10,0.8963696486696472,0.8949591959714341,0.8977801013678602
probes,40,1,0,POINT-EA,data_cost_coverage,10,0.8395995043942033,0.8341015375586052,0.8450974712298014
probes,40,1,0,POINT-EA,data_delay_coverage,10,0.8224409317621479,0.8156678896708414,0.8292139738534545
probes,40,1,0,POINT-EA,final_alive,10,34.7,33.94218672928168,35.457813270718326
probes,40,1,0,POINT-EA,searches,10,16.5,16.1229738062003,16.8770261937997
probes,40,1,0,POINT-EA,accepted_changes,10,10.1,8.818110941081017,11.381889058918983
probes,40,1,0,POINT-EA,trigger_coverage,10,0.0,0.0,0.0
probes,40,1,0,POINT-EA,trigger_failure,10,0.5,0.12297380620029918,0.8770261937997008
probes,40,2,0,ACR-MCR,PDR,10,0.7038636363636364,0.6851423584169254,0.7225849143103473
probes,40,2,0,ACR-MCR,timely_ratio,10,0.25426136363636365,0.2349422674295058,0.2735804598432215
probes,40,2,0,ACR-MCR,service_violation_rate,10,0.7828571428571427,0.7587457476078376,0.8069685381064478
probes,40,2,0,ACR-MCR,conditional_delay_ms,10,634.5819627678281,605.4505157553442,663.7134097803121
probes,40,2,0,ACR-MCR,radio_energy_J,10,17.138177364648413,16.9843370153653,17.29201771393153
probes,40,2,0,ACR-MCR,energy_data_J,10,6.029368237412524,5.945519925307704,6.113216549517344
probes,40,2,0,ACR-MCR,energy_probe_J,10,10.41891223366213,10.285291055315078,10.552533412009183
probes,40,2,0,ACR-MCR,energy_control_J,10,0.5255900607520122,0.498057956224831,0.5531221652791934
probes,40,2,0,ACR-MCR,energy_aggregation_J,10,0.16430683282174624,0.16291662520641945,0.16569704043707303
probes,40,2,0,ACR-MCR,energy_per_delivered_mJ,10,2.469122710174211,2.410220513541881,2.5280249068065412
probes,40,2,0,ACR-MCR,probe_cost_coverage,10,0.9003499178019785,0.8998951089506348,0.9008047266533221
probes,40,2,0,ACR-MCR,probe_delay_coverage,10,0.9002632332039742,0.8998507886633336,0.9006756777446148
probes,40,2,0,ACR-MCR,data_cost_coverage,10,0.8380780093690012,0.8328599783474485,0.843296040390554
probes,40,2,0,ACR-MCR,data_delay_coverage,10,0.8221462120800999,0.815946117368334,0.8283463067918657
probes,40,2,0,ACR-MCR,final_alive,10,23.6,22.084373458563356,25.115626541436647
probes,40,2,0,ACR-MCR,searches,10,18.1,17.388628400280503,18.8113715997195
probes,40,2,0,ACR-MCR,accepted_changes,10,12.8,11.691773846632461,13.90822615336754
probes,40,2,0,ACR-MCR,trigger_coverage,10,0.3,-0.045550214413643764,0.6455502144136438
probes,40,2,0,ACR-MCR,trigger_failure,10,3.6,2.6343417761336325,4.565658223866368
probes,40,2,0,POINT-EA,PDR,10,0.706,0.6867832377395685,0.7252167622604314
probes,40,2,0,POINT-EA,timely_ratio,10,0.2532727272727272,0.23517382282772623,0.2713716317177282
probes,40,2,0,POINT-EA,service_violation_rate,10,0.7942857142857143,0.7753499552189727,0.8132214733524559
probes,40,2,0,POINT-EA,conditional_delay_ms,10,656.7575758505345,632.9364966677309,680.5786550333381
probes,40,2,0,POINT-EA,radio_energy_J,10,17.254822122986653,17.019675528380652,17.489968717592653
probes,40,2,0,POINT-EA,energy_data_J,10,6.153175187274151,6.045339431454565,6.261010943093737
probes,40,2,0,POINT-EA,energy_probe_J,10,10.426454029341029,10.259239330289933,10.593668728392124
probes,40,2,0,POINT-EA,energy_control_J,10,0.5107226453828071,0.4927101447233517,0.5287351460422625
probes,40,2,0,POINT-EA,energy_aggregation_J,10,0.16447026098866455,0.1634667967489,0.1654737252284291
probes,40,2,0,POINT-EA,energy_per_delivered_mJ,10,2.4787067602665394,2.42797487131786,2.5294386492152188
probes,40,2,0,POINT-EA,probe_cost_coverage,10,0.8986585992076337,0.8976750631890815,0.8996421352261859
probes,40,2,0,POINT-EA,probe_delay_coverage,10,0.8986420443750303,0.8974993909719547,0.8997846977781058
probes,40,2,0,POINT-EA,data_cost_coverage,10,0.8456904098560726,0.8406564897294203,0.8507243299827248
probes,40,2,0,POINT-EA,data_delay_coverage,10,0.8327863916720967,0.8271954930946571,0.8383772902495362
probes,40,2,0,POINT-EA,final_alive,10,25.1,23.81811094108102,26.381889058918983
probes,40,2,0,POINT-EA,searches,10,17.2,16.635718862784834,17.764281137215164
probes,40,2,0,POINT-EA,accepted_changes,10,12.1,10.86326213014749,13.33673786985251
probes,40,2,0,POINT-EA,trigger_coverage,10,0.0,0.0,0.0
probes,40,2,0,POINT-EA,trigger_failure,10,1.8,0.9878607239127914,2.6121392760872086
scale,80,1,0,ACR-MCR,PDR,10,0.7824090909090909,0.7702944157356072,0.7945237660825747
scale,80,1,0,ACR-MCR,timely_ratio,10,0.2467897727272727,0.22552365215044487,0.26805589330410057
scale,80,1,0,ACR-MCR,service_violation_rate,10,0.7857142857142857,0.7585692547088502,0.8128593167197212
scale,80,1,0,ACR-MCR,conditional_delay_ms,10,729.4572072178182,699.326843798283,759.5875706373535
scale,80,1,0,ACR-MCR,radio_energy_J,10,25.156399419814427,24.912491818546243,25.40030702108261
scale,80,1,0,ACR-MCR,energy_data_J,10,11.46128264850305,11.320075901357574,11.602489395648524
scale,80,1,0,ACR-MCR,energy_probe_J,10,11.215796821326617,11.07221029957853,11.359383343074704
scale,80,1,0,ACR-MCR,energy_control_J,10,2.1280983043861132,2.070188404178705,2.1860082045935214
scale,80,1,0,ACR-MCR,energy_aggregation_J,10,0.3512216455986461,0.34964731691896156,0.35279597427833065
scale,80,1,0,ACR-MCR,energy_per_delivered_mJ,10,1.6470159438866567,1.6194093723376557,1.6746225154356578
scale,80,1,0,ACR-MCR,probe_cost_coverage,10,0.9000000381679667,0.8994799460125912,0.9005201303233422
scale,80,1,0,ACR-MCR,probe_delay_coverage,10,0.8999993689930639,0.8993819493982146,0.9006167885879132
scale,80,1,0,ACR-MCR,data_cost_coverage,10,0.8317278543503663,0.8270076358351475,0.8364480728655852
scale,80,1,0,ACR-MCR,data_delay_coverage,10,0.7910995155021106,0.7880675303805964,0.7941315006236247
scale,80,1,0,ACR-MCR,final_alive,10,66.9,65.6632621301475,68.13673786985251
scale,80,1,0,ACR-MCR,searches,10,17.0,17.0,17.0
scale,80,1,0,ACR-MCR,accepted_changes,10,11.6,10.374809888807004,12.825190111192995
scale,80,1,0,ACR-MCR,trigger_coverage,10,0.7,0.35444978558635615,1.0455502144136437
scale,80,1,0,ACR-MCR,trigger_failure,10,1.0,0.6627775205463438,1.3372224794536562
scale,80,1,0,POINT-EA,PDR,10,0.7786875,0.7642435501620973,0.7931314498379026
scale,80,1,0,POINT-EA,timely_ratio,10,0.27136931818181814,0.2570357177461818,0.2857029186174545
scale,80,1,0,POINT-EA,service_violation_rate,10,0.7785714285714286,0.7495664544254569,0.8075764027174003
scale,80,1,0,POINT-EA,conditional_delay_ms,10,695.4841154630471,678.9310145490407,712.0372163770536
scale,80,1,0,POINT-EA,radio_energy_J,10,25.123221896779746,24.764403288716583,25.48204050484291
scale,80,1,0,POINT-EA,energy_data_J,10,11.660959651047298,11.427552010913555,11.894367291181041
scale,80,1,0,POINT-EA,energy_probe_J,10,11.058710324516046,10.895862254808375,11.221558394223717
scale,80,1,0,POINT-EA,energy_control_J,10,2.057769825628433,1.992166899211223,2.1233727520456434
scale,80,1,0,POINT-EA,energy_aggregation_J,10,0.34578209558796436,0.3432720630768314,0.3482921280990973
scale,80,1,0,POINT-EA,energy_per_delivered_mJ,10,1.6515385580876754,1.6369557729915383,1.6661213431838124
scale,80,1,0,POINT-EA,probe_cost_coverage,10,0.8971741292277015,0.8962171197467343,0.8981311387086686
scale,80,1,0,POINT-EA,probe_delay_coverage,10,0.8963682892395699,0.8952161073009366,0.8975204711782032
scale,80,1,0,POINT-EA,data_cost_coverage,10,0.8348450813500611,0.8299839294054169,0.8397062332947053
scale,80,1,0,POINT-EA,data_delay_coverage,10,0.8022129988562805,0.7986288509676625,0.8057971467448986
scale,80,1,0,POINT-EA,final_alive,10,64.3,62.54611888443031,66.05388111556968
scale,80,1,0,POINT-EA,searches,10,16.5,16.1229738062003,16.8770261937997
scale,80,1,0,POINT-EA,accepted_changes,10,8.3,7.470542373640659,9.129457626359342
scale,80,1,0,POINT-EA,trigger_coverage,10,0.0,0.0,0.0
scale,80,1,0,POINT-EA,trigger_failure,10,0.6,0.09981823161222914,1.1001817683877708
scale,120,1,0,ACR-MCR,PDR,10,0.7961477272727272,0.7841617395039219,0.8081337150415325
scale,120,1,0,ACR-MCR,timely_ratio,10,0.2402689393939394,0.22747595027388406,0.2530619285139947
scale,120,1,0,ACR-MCR,service_violation_rate,10,0.8292857142857144,0.7819340620502713,0.8766373665211575
scale,120,1,0,ACR-MCR,conditional_delay_ms,10,759.0107194035185,740.4819673015154,777.5394715055215
scale,120,1,0,ACR-MCR,radio_energy_J,10,39.093003684980964,38.774727336692884,39.411280033269044
scale,120,1,0,ACR-MCR,energy_data_J,10,16.83110014431499,16.658057775261625,17.004142513368357
scale,120,1,0,ACR-MCR,energy_probe_J,10,16.902661474538522,16.78743707518339,17.017885873893654
scale,120,1,0,ACR-MCR,energy_control_J,10,4.829356543376801,4.6751680156396365,4.983545071113966
scale,120,1,0,ACR-MCR,energy_aggregation_J,10,0.5298855227506529,0.527526808051703,0.5322442374496028
scale,120,1,0,ACR-MCR,energy_per_delivered_mJ,10,1.679308278388159,1.6560812651758354,1.7025352916004826
scale,120,1,0,ACR-MCR,probe_cost_coverage,10,0.9002303407372718,0.8999283199040732,0.9005323615704705
scale,120,1,0,ACR-MCR,probe_delay_coverage,10,0.8999314209528023,0.8996540431244492,0.9002087987811555
scale,120,1,0,ACR-MCR,data_cost_coverage,10,0.8371917286543068,0.8318350757605805,0.8425483815480331
scale,120,1,0,ACR-MCR,data_delay_coverage,10,0.7890172240664535,0.7843763713733942,0.7936580767595127
scale,120,1,0,ACR-MCR,final_alive,10,99.9,97.62656018784504,102.17343981215497
scale,120,1,0,ACR-MCR,searches,10,17.0,16.662777520546342,17.337222479453658
scale,120,1,0,ACR-MCR,accepted_changes,10,12.6,11.634341776133633,13.565658223866366
scale,120,1,0,ACR-MCR,trigger_coverage,10,0.3,-0.045550214413643764,0.6455502144136438
scale,120,1,0,ACR-MCR,trigger_failure,10,1.3,0.8171708880668163,1.7828291119331838
scale,120,1,0,POINT-EA,PDR,10,0.7757689393939394,0.7663383172653796,0.7851995615224993
scale,120,1,0,POINT-EA,timely_ratio,10,0.26141666666666663,0.24565101090275454,0.2771823224305787
scale,120,1,0,POINT-EA,service_violation_rate,10,0.772142857142857,0.7442129890351791,0.800072725250535
scale,120,1,0,POINT-EA,conditional_delay_ms,10,738.907582309284,709.3782575555038,768.4369070630642
scale,120,1,0,POINT-EA,radio_energy_J,10,38.90321979901098,38.47135561793288,39.335083980089074
scale,120,1,0,POINT-EA,energy_data_J,10,17.091446294903058,16.842851665173644,17.340040924632472
scale,120,1,0,POINT-EA,energy_probe_J,10,16.571805509865055,16.340319409938296,16.803291609791813
scale,120,1,0,POINT-EA,energy_control_J,10,4.719363968630218,4.578709169131557,4.86001876812888
scale,120,1,0,POINT-EA,energy_aggregation_J,10,0.5206040256126413,0.5156318660790493,0.5255761851462333
scale,120,1,0,POINT-EA,energy_per_delivered_mJ,10,1.7105907070694826,1.683490186839785,1.7376912272991802
scale,120,1,0,POINT-EA,probe_cost_coverage,10,0.8979102839166713,0.8972484610661865,0.898572106767156
scale,120,1,0,POINT-EA,probe_delay_coverage,10,0.8971722550235441,0.8963997397199638,0.8979447703271245
scale,120,1,0,POINT-EA,data_cost_coverage,10,0.8392710570343553,0.8335344581125076,0.8450076559562031
scale,120,1,0,POINT-EA,data_delay_coverage,10,0.8005796355002269,0.7965329905103495,0.8046262804901043
scale,120,1,0,POINT-EA,final_alive,10,95.5,92.7760020572073,98.2239979427927
scale,120,1,0,POINT-EA,searches,10,16.9,16.493930361956394,17.306069638043603
scale,120,1,0,POINT-EA,accepted_changes,10,7.8,6.69177384663246,8.90822615336754
scale,120,1,0,POINT-EA,trigger_coverage,10,0.0,0.0,0.0
scale,120,1,0,POINT-EA,trigger_failure,10,1.2,0.7475685674403589,1.652431432559641
stationary,40,1,0,ACI-EVENT,PDR,10,0.928107142857143,0.9147372969569961,0.9414769887572899
stationary,40,1,0,ACI-EVENT,timely_ratio,10,0.8991428571428572,0.8771098872171819,0.9211758270685326
stationary,40,1,0,ACI-EVENT,service_violation_rate,10,0.23928571428571427,0.1890331912338045,0.28953823733762407
stationary,40,1,0,ACI-EVENT,conditional_delay_ms,10,316.9229081803355,303.1022083912911,330.74360796938
stationary,40,1,0,ACI-EVENT,radio_energy_J,10,9.835921920266523,9.680143473403053,9.991700367129994
stationary,40,1,0,ACI-EVENT,energy_data_J,10,3.8285199368185516,3.7605617710413917,3.8964781025957116
stationary,40,1,0,ACI-EVENT,energy_probe_J,10,5.312503042264003,5.178466499436855,5.446539585091152
stationary,40,1,0,ACI-EVENT,energy_control_J,10,0.5681589411839687,0.5486563873843623,0.5876614949835751
stationary,40,1,0,ACI-EVENT,energy_aggregation_J,10,0.12673999999999994,0.12651886843219698,0.1269611315678029
stationary,40,1,0,ACI-EVENT,energy_per_delivered_mJ,10,1.6583404032287974,1.613456949405743,1.7032238570518519
stationary,40,1,0,ACI-EVENT,probe_cost_coverage,10,0.9003623240604893,0.8997393555847388,0.9009852925362398
stationary,40,1,0,ACI-EVENT,probe_delay_coverage,10,0.9004158437876864,0.8999248889511993,0.9009067986241734
stationary,40,1,0,ACI-EVENT,data_cost_coverage,10,0.8688352390365868,0.8648170873409458,0.8728533907322278
stationary,40,1,0,ACI-EVENT,data_delay_coverage,10,0.8653151257775351,0.8606733535896393,0.869956897965431
stationary,40,1,0,ACI-EVENT,final_alive,10,39.7,39.35444978558636,40.045550214413645
stationary,40,1,0,ACI-EVENT,searches,10,16.0,16.0,16.0
stationary,40,1,0,ACI-EVENT,accepted_changes,10,9.3,8.179020536686764,10.420979463313238
stationary,40,1,0,ACI-EVENT,trigger_coverage,10,0.0,0.0,0.0
stationary,40,1,0,ACI-EVENT,trigger_failure,10,0.0,0.0,0.0
stationary,40,1,0,ACI-PER,PDR,10,0.928107142857143,0.9147372969569961,0.9414769887572899
stationary,40,1,0,ACI-PER,timely_ratio,10,0.8991428571428572,0.8771098872171819,0.9211758270685326
stationary,40,1,0,ACI-PER,service_violation_rate,10,0.23928571428571427,0.1890331912338045,0.28953823733762407
stationary,40,1,0,ACI-PER,conditional_delay_ms,10,316.9229081803355,303.1022083912911,330.74360796938
stationary,40,1,0,ACI-PER,radio_energy_J,10,9.835921920266523,9.680143473403053,9.991700367129994
stationary,40,1,0,ACI-PER,energy_data_J,10,3.8285199368185516,3.7605617710413917,3.8964781025957116
stationary,40,1,0,ACI-PER,energy_probe_J,10,5.312503042264003,5.178466499436855,5.446539585091152
stationary,40,1,0,ACI-PER,energy_control_J,10,0.5681589411839687,0.5486563873843623,0.5876614949835751
stationary,40,1,0,ACI-PER,energy_aggregation_J,10,0.12673999999999994,0.12651886843219698,0.1269611315678029
stationary,40,1,0,ACI-PER,energy_per_delivered_mJ,10,1.6583404032287974,1.613456949405743,1.7032238570518519
stationary,40,1,0,ACI-PER,probe_cost_coverage,10,0.9003623240604893,0.8997393555847388,0.9009852925362398
stationary,40,1,0,ACI-PER,probe_delay_coverage,10,0.9004158437876864,0.8999248889511993,0.9009067986241734
stationary,40,1,0,ACI-PER,data_cost_coverage,10,0.8688352390365868,0.8648170873409458,0.8728533907322278
stationary,40,1,0,ACI-PER,data_delay_coverage,10,0.8653151257775351,0.8606733535896393,0.869956897965431
stationary,40,1,0,ACI-PER,final_alive,10,39.7,39.35444978558636,40.045550214413645
stationary,40,1,0,ACI-PER,searches,10,16.0,16.0,16.0
stationary,40,1,0,ACI-PER,accepted_changes,10,9.3,8.179020536686764,10.420979463313238
stationary,40,1,0,ACI-PER,trigger_coverage,10,0.0,0.0,0.0
stationary,40,1,0,ACI-PER,trigger_failure,10,0.0,0.0,0.0
stationary,40,1,0,ACR-MCR,PDR,10,0.9441607142857142,0.9317748990668754,0.9565465295045531
stationary,40,1,0,ACR-MCR,timely_ratio,10,0.8955357142857142,0.8813330013358249,0.9097384272356035
stationary,40,1,0,ACR-MCR,service_violation_rate,10,0.2128571428571428,0.17418217707923417,0.25153210863505143
stationary,40,1,0,ACR-MCR,conditional_delay_ms,10,342.3937646572832,331.45312072884144,353.334408585725
stationary,40,1,0,ACR-MCR,radio_energy_J,10,9.916926145618957,9.754337511277702,10.079514779960212
stationary,40,1,0,ACR-MCR,energy_data_J,10,3.913424106814149,3.84251380593167,3.984334407696628
stationary,40,1,0,ACR-MCR,energy_probe_J,10,5.309234847636841,5.175873540960017,5.442596154313664
stationary,40,1,0,ACR-MCR,energy_control_J,10,0.5677891911679692,0.5482547085804764,0.587323673755462
stationary,40,1,0,ACR-MCR,energy_aggregation_J,10,0.12647799999999987,0.12622470573282016,0.12673129426717958
stationary,40,1,0,ACR-MCR,energy_per_delivered_mJ,10,1.6469655458282162,1.6032052471895142,1.6907258444669182
stationary,40,1,0,ACR-MCR,probe_cost_coverage,10,0.9002307773160323,0.8995885763671463,0.9008729782649183
stationary,40,1,0,ACR-MCR,probe_delay_coverage,10,0.9004280663325342,0.8999583714405857,0.9008977612244828
stationary,40,1,0,ACR-MCR,data_cost_coverage,10,0.8670294425402604,0.8635130576952956,0.8705458273852251
stationary,40,1,0,ACR-MCR,data_delay_coverage,10,0.8616499139783873,0.8571226294874108,0.8661771984693638
stationary,40,1,0,ACR-MCR,final_alive,10,39.5,39.1229738062003,39.8770261937997
stationary,40,1,0,ACR-MCR,searches,10,16.0,16.0,16.0
stationary,40,1,0,ACR-MCR,accepted_changes,10,11.1,9.732272848601031,12.467727151398968
stationary,40,1,0,ACR-MCR,trigger_coverage,10,0.0,0.0,0.0
stationary,40,1,0,ACR-MCR,trigger_failure,10,0.0,0.0,0.0
stationary,40,1,0,FROZEN-CP,PDR,10,0.9258392857142856,0.910644089341687,0.9410344820868843
stationary,40,1,0,FROZEN-CP,timely_ratio,10,0.8894642857142857,0.8631973697741591,0.9157312016544124
stationary,40,1,0,FROZEN-CP,service_violation_rate,10,0.24499999999999994,0.18840504894327817,0.30159495105672174
stationary,40,1,0,FROZEN-CP,conditional_delay_ms,10,323.525981288197,307.8940798354609,339.1578827409331
stationary,40,1,0,FROZEN-CP,radio_energy_J,10,9.833357495050329,9.694167654547256,9.972547335553402
stationary,40,1,0,FROZEN-CP,energy_data_J,10,3.8338716589206383,3.76824626373832,3.8994970541029566
stationary,40,1,0,FROZEN-CP,energy_probe_J,10,5.30524639996972,5.1744241283842385,5.436068671555201
stationary,40,1,0,FROZEN-CP,energy_control_J,10,0.5676094361599694,0.5479870970179639,0.5872317753019749
stationary,40,1,0,FROZEN-CP,energy_aggregation_J,10,0.12662999999999988,0.1264136250648361,0.12684637493516365
stationary,40,1,0,FROZEN-CP,energy_per_delivered_mJ,10,1.661422407559985,1.6207588061055702,1.7020860090143999
stationary,40,1,0,FROZEN-CP,probe_cost_coverage,10,0.9004969830053146,0.8902643631764432,0.9107296028341859
stationary,40,1,0,FROZEN-CP,probe_delay_coverage,10,0.8966743949831419,0.885523641390491,0.9078251485757929
stationary,40,1,0,FROZEN-CP,data_cost_coverage,10,0.8694623381897424,0.8612271520226432,0.8776975243568416
stationary,40,1,0,FROZEN-CP,data_delay_coverage,10,0.8629188265265716,0.855106809688367,0.8707308433647761
stationary,40,1,0,FROZEN-CP,final_alive,10,39.4,38.89981823161223,39.90018176838777
stationary,40,1,0,FROZEN-CP,searches,10,16.0,16.0,16.0
stationary,40,1,0,FROZEN-CP,accepted_changes,10,9.1,7.575023422058743,10.624976577941256
stationary,40,1,0,FROZEN-CP,trigger_coverage,10,0.0,0.0,0.0
stationary,40,1,0,FROZEN-CP,trigger_failure,10,0.0,0.0,0.0
stationary,40,1,0,POINT-EA,PDR,10,0.9128928571428571,0.8946598537363027,0.9311258605494114
stationary,40,1,0,POINT-EA,timely_ratio,10,0.8845892857142857,0.8621684146600703,0.9070101567685012
stationary,40,1,0,POINT-EA,service_violation_rate,10,0.24785714285714286,0.2049675068678729,0.2907467788464128
stationary,40,1,0,POINT-EA,conditional_delay_ms,10,308.8801098227761,295.9856733344102,321.774546311142
stationary,40,1,0,POINT-EA,radio_energy_J,10,9.894356469678382,9.709728682341492,10.078984257015271
stationary,40,1,0,POINT-EA,energy_data_J,10,3.890005990504354,3.7988188974171493,3.9811930835915588
stationary,40,1,0,POINT-EA,energy_probe_J,10,5.310037208006058,5.180277746772807,5.439796669239309
stationary,40,1,0,POINT-EA,energy_control_J,10,0.5678352711679692,0.5476420492967717,0.5880284930391666
stationary,40,1,0,POINT-EA,energy_aggregation_J,10,0.1264779999999999,0.12613599255901733,0.12682000744098246
stationary,40,1,0,POINT-EA,energy_per_delivered_mJ,10,1.6928735783663391,1.6419861053801301,1.743761051352548
stationary,40,1,0,POINT-EA,probe_cost_coverage,10,0.9004581651256676,0.8996907609170028,0.9012255693343323
stationary,40,1,0,POINT-EA,probe_delay_coverage,10,0.9006211257976299,0.899676651818288,0.9015655997769717
stationary,40,1,0,POINT-EA,data_cost_coverage,10,0.8732765276998655,0.8699354080883929,0.8766176473113382
stationary,40,1,0,POINT-EA,data_delay_coverage,10,0.8695725568656565,0.8654712684569813,0.8736738452743317
stationary,40,1,0,POINT-EA,final_alive,10,39.8,39.347568567440355,40.25243143255964
stationary,40,1,0,POINT-EA,searches,10,16.0,16.0,16.0
stationary,40,1,0,POINT-EA,accepted_changes,10,8.8,7.744326657360839,9.855673342639163
stationary,40,1,0,POINT-EA,trigger_coverage,10,0.0,0.0,0.0
stationary,40,1,0,POINT-EA,trigger_failure,10,0.0,0.0,0.0
stationary,40,1,0,RANDOM-CH,PDR,10,0.8157857142857143,0.7756425406404852,0.8559288879309435
stationary,40,1,0,RANDOM-CH,timely_ratio,10,0.3595,0.28825358683515967,0.4307464131648403
stationary,40,1,0,RANDOM-CH,service_violation_rate,10,0.8278571428571428,0.7745131093421859,0.8812011763720998
stationary,40,1,0,RANDOM-CH,conditional_delay_ms,10,556.0168522238467,510.2506853254285,601.7830191222649
stationary,40,1,0,RANDOM-CH,radio_energy_J,10,10.178965180161963,9.892535505009226,10.4653948553147
stationary,40,1,0,RANDOM-CH,energy_data_J,10,4.175311500321025,3.9745569824838682,4.376066018158182
stationary,40,1,0,RANDOM-CH,energy_probe_J,10,5.31990938864097,5.183865100009506,5.455953677272434
stationary,40,1,0,RANDOM-CH,energy_control_J,10,0.5685542911999681,0.5492540343310988,0.5878545480688375
stationary,40,1,0,RANDOM-CH,energy_aggregation_J,10,0.11518999999999999,0.11112789662198853,0.11925210337801144
stationary,40,1,0,RANDOM-CH,energy_per_delivered_mJ,10,1.9446169737571837,1.8668240824681808,2.022409865046187
stationary,40,1,0,RANDOM-CH,probe_cost_coverage,10,0.9005892857142858,0.8996879201456924,0.9014906512828791
stationary,40,1,0,RANDOM-CH,probe_delay_coverage,10,0.9007321428571429,0.8996424578196452,0.9018218278946405
stationary,40,1,0,RANDOM-CH,data_cost_coverage,10,0.8770308072033496,0.871573579572824,0.8824880348338752
stationary,40,1,0,RANDOM-CH,data_delay_coverage,10,0.8720857003891084,0.8676141398398501,0.8765572609383666
stationary,40,1,0,RANDOM-CH,final_alive,10,40.0,40.0,40.0
stationary,40,1,0,RANDOM-CH,searches,10,16.0,16.0,16.0
stationary,40,1,0,RANDOM-CH,accepted_changes,10,16.0,16.0,16.0
stationary,40,1,0,RANDOM-CH,trigger_coverage,10,0.0,0.0,0.0
stationary,40,1,0,RANDOM-CH,trigger_failure,10,0.0,0.0,0.0
stationary,40,1,0,ROLL-CP,PDR,10,0.9309107142857144,0.9151370309208053,0.9466843976506234
stationary,40,1,0,ROLL-CP,timely_ratio,10,0.9060714285714285,0.881317312205429,0.9308255449374281
stationary,40,1,0,ROLL-CP,service_violation_rate,10,0.21928571428571422,0.1650999509065975,0.27347147766483093
stationary,40,1,0,ROLL-CP,conditional_delay_ms,10,321.0882939477684,306.96521384865235,335.2113740468845
stationary,40,1,0,ROLL-CP,radio_energy_J,10,9.835561672688412,9.683886027998811,9.987237317378012
stationary,40,1,0,ROLL-CP,energy_data_J,10,3.8371915916806207,3.773197905670809,3.9011852776904323
stationary,40,1,0,ROLL-CP,energy_probe_J,10,5.304089764847822,5.176940721824212,5.4312388078714315
stationary,40,1,0,ROLL-CP,energy_control_J,10,0.5676043161599694,0.5479820110410436,0.5872266212788952
stationary,40,1,0,ROLL-CP,energy_aggregation_J,10,0.12667599999999993,0.12636635703814375,0.1269856429618561
stationary,40,1,0,ROLL-CP,energy_per_delivered_mJ,10,1.6541986768102188,1.6058027910107608,1.7025945626096768
stationary,40,1,0,ROLL-CP,probe_cost_coverage,10,0.9006356724613476,0.8997612723484248,0.9015100725742703
stationary,40,1,0,ROLL-CP,probe_delay_coverage,10,0.9006872654471344,0.8997344712833087,0.90164005961096
stationary,40,1,0,ROLL-CP,data_cost_coverage,10,0.8673909184480729,0.8626775933013453,0.8721042435948005
stationary,40,1,0,ROLL-CP,data_delay_coverage,10,0.8634060602433783,0.8585118966241835,0.8683002238625731
stationary,40,1,0,ROLL-CP,final_alive,10,39.4,38.79675808992048,40.00324191007952
stationary,40,1,0,ROLL-CP,searches,10,16.0,16.0,16.0
stationary,40,1,0,ROLL-CP,accepted_changes,10,8.5,7.656943801365859,9.343056198634141
stationary,40,1,0,ROLL-CP,trigger_coverage,10,0.0,0.0,0.0
stationary,40,1,0,ROLL-CP,trigger_failure,10,0.0,0.0,0.0
