contrast,metric,a_mean,b_mean,difference,ci_low,ci_high,n,p,p_holm
FROZEN-CP minus POINT-EA,timely_ratio,0.5580814595344865,0.563120660804069,-0.005039201269582442,-0.01223674390504179,0.0021583413658769037,30,0.16571834281657183,1.0
FROZEN-CP minus POINT-EA,service_violation_rate,0.5680000000000001,0.5806666666666666,-0.012666666666666656,-0.02358876182235542,-0.0017445715109778923,30,0.025009749902500975,0.22508774912250878
ROLL-CP minus FROZEN-CP,timely_ratio,0.553209003067187,0.5580814595344865,-0.004872456467299515,-0.010342489805858572,0.0005975768712595426,30,0.07968920310796893,0.6375136248637514
ROLL-CP minus FROZEN-CP,service_violation_rate,0.5764285714285715,0.5680000000000001,0.00842857142857142,0.001923395646008041,0.014933747211134801,30,0.014169858301416986,0.14169858301416985
ACI-PER minus ROLL-CP,timely_ratio,0.5557574612233805,0.553209003067187,0.0025484581561935763,-0.002271145989913477,0.00736806230230063,30,0.2881271187288127,1.0
ACI-PER minus ROLL-CP,service_violation_rate,0.5754285714285714,0.5764285714285715,-0.0010000000000000028,-0.008964255127255667,0.006964255127255662,30,0.8117718822811771,1.0
ACI-EVENT minus ACI-PER,timely_ratio,0.5582982620891813,0.5557574612233805,0.002540800865800863,-0.0012624505222170739,0.0063440522538188,30,0.18393816061839383,1.0
ACI-EVENT minus ACI-PER,service_violation_rate,0.5754761904761906,0.5754285714285714,4.761904761903339e-05,-0.0041350742852568805,0.004230312380494947,30,1.0,1.0
ACR-MCR minus ACI-EVENT,timely_ratio,0.5609908484266108,0.5582982620891813,0.002692586337429396,-0.0035288218263775854,0.008913994501236377,30,0.3846461535384646,1.0
ACR-MCR minus ACI-EVENT,service_violation_rate,0.5733333333333331,0.5754761904761906,-0.0021428571428571204,-0.014488652475963804,0.010202938190249564,30,0.7296727032729673,1.0
