nodes,method,seed,decision_stage_ms_per_round,simulation_seconds,searches
40,POINT-EA,9500,1.2375949000031028,0.6615601409998817,17
40,POINT-EA,9501,1.173289649995013,0.6475871669999833,17
40,POINT-EA,9502,1.1228900312616474,0.6204294060000848,16
40,POINT-EA,9503,1.1360180312550483,0.6423610219999318,16
40,POINT-EA,9504,1.2041843562542454,0.6782281110001804,16
40,ACR-MCR,9500,1.8553322812465467,0.7342888179998681,17
40,ACR-MCR,9501,1.9273935999919445,0.7593453070001033,17
40,ACR-MCR,9502,1.7773251687501102,0.7396366850000504,16
40,ACR-MCR,9503,2.254908299991598,0.8529156029999285,18
40,ACR-MCR,9504,2.136422062496024,0.8118542090001029,18
80,POINT-EA,9500,2.0380458562542003,1.2651628369999344,16
80,POINT-EA,9501,2.076844718746429,1.2498215220000475,17
80,POINT-EA,9502,1.915262731243672,1.1990374890001476,16
80,POINT-EA,9503,2.0136717875033128,1.2065610610000022,17
80,POINT-EA,9504,2.0185161187598055,1.2351674490000732,17
80,ACR-MCR,9500,3.8468957562571404,1.5053674590001265,17
80,ACR-MCR,9501,4.0395782562441696,1.5172471769999447,18
80,ACR-MCR,9502,3.595393874998365,1.4558337749999737,16
80,ACR-MCR,9503,3.9290136187389635,1.520900580999978,17
80,ACR-MCR,9504,3.8052942999897255,1.501235139000073,17
120,POINT-EA,9500,2.781372350003153,1.8080486779999774,16
120,POINT-EA,9501,3.077670662516141,1.8631114460001754,17
120,POINT-EA,9502,2.8873717125122766,1.8135094029998982,17
120,POINT-EA,9503,3.035581956250155,1.8854116340000928,17
120,POINT-EA,9504,2.9433997812517987,1.8465112559999852,17
120,ACR-MCR,9500,7.313933743743917,2.5539251800000784,17
120,ACR-MCR,9501,6.583608818753817,2.476861117999988,17
120,ACR-MCR,9502,6.434165706251349,2.381356518000075,17
120,ACR-MCR,9503,7.035420400008263,2.6325060839999423,17
120,ACR-MCR,9504,6.8389500125007885,2.5196591500000523,17
